Commodity_ID,Country_Name,HS_Code,HS_Suffix,HS_Version,Description,Short_Description,CommodityClass_Name,CommodityClass_Code,shared_group_code,Country_Code
"1","","100110","","HS2007","Wheat and meslin. - Durum wheat.","Durum wheat","Wheat","1","",""
"2","","100111","","HS2012","Wheat and meslin. - Durum wheat : -- Seed.","Durum wheat seed for sowing","Wheat","1","",""
"3","","100119","","HS2012","Wheat and meslin. - Durum wheat : -- Other.","Durum wheat (excl. seed for sowing)","Wheat","1","",""
"4","","100190","","HS2007","Wheat and meslin. - Other.","Wheat and meslin (excl. durum wheat)","Wheat","1","",""
"5","","100191","","HS2012","Wheat and meslin. - Other : -- Seed.","Seed of wheat and meslin, for sowing (excl. durum)","Wheat","1","",""
"6","","100199","","HS2012","Wheat and meslin. - Other : -- Other.","Wheat and meslin (excl. seed for sowing, and durum wheat)","Wheat","1","",""
"8","","100510","","HS2012","Maize (corn). - Seed.","Maize seed for sowing","Maize","3","",""
"10","","100590","","HS2012","Maize (corn). - Other.","Maize (excl. seed for sowing)","Maize","3","",""
"14","","100610","","HS2012","Rice. - Rice in the husk (paddy or rough).","Rice in the husk, paddy or rough","Rice","2","",""
"16","","100620","","HS2012","Rice. - Husked (brown) rice.","Husked or brown rice","Rice","2","",""
"18","","100630","","HS2012","Rice. - Semi-milled or wholly milled rice, whether or not polished or glazed.","Semi-milled or wholly milled rice, whether or not polished or glazed","Rice","2","",""
"20","","100640","","HS2012","Rice. - Broken rice.","Broken rice","Rice","2","",""
"21","","110100","","HS2007","Wheat or meslin flour.","Wheat or meslin flour","Wheat","1","",""
"22","","110100","","HS2012","Wheat or meslin flour.","Wheat or meslin flour","Wheat","1","",""
"24","","110220","","HS2012","Cereal flours other than of wheat or meslin. - Maize (corn) flour.","Maize (corn) flour","Maize","3","",""
"26","","110290","","HS2012","Cereal flours other than of wheat or meslin. - Other.","Cereal flours (excl. wheat, meslin and maize)","Rice","2","",""
"28","","110311","","HS2012","Cereal groats, meal and pellets. - Groats and meal : -- Of wheat.","Groats and meal of wheat","Wheat","1","",""
"30","","110313","","HS2012","Cereal groats, meal and pellets. - Groats and meal : -- Of maize (corn).","Groats and meal of maize (corn)","Maize","3","",""
"31","","110319","","HS2012","Cereal groats, meal and pellets. - Groats and meal : -- Of other cereals.","Groats and meal of cereals (excl. wheat and maize)","Rice","2","",""
"33","","110419","","HS2012","Cereal grains otherwise worked (for example, hulled, rolled, flaked, pearled, sliced or kibbled), except rice of heading 10.06; germ of cereals, whole, rolled, flaked or ground. - Rolled or flaked grains: -- Of other cereals.","Rolled or flaked grains of cereals (excl. oats)","Maize + Rice + Wheat","11","",""
"35","","110423","","HS2012","Cereal grains otherwise worked (for example, hulled, rolled, flaked, pearled, sliced or kibbled), except rice of heading 10.06; germ of cereals, whole, rolled, flaked or ground. - Other worked grains (for example, hulled, pearled, sliced or kibbled): -- O","Hulled, pearled, sliced, kibbled or otherwise worked maize grains (excl. rolled, flaked, pellets and flour)","Maize","3","",""
"37","","110429","","HS2012","Cereal grains otherwise worked (for example, hulled, rolled, flaked, pearled, sliced or kibbled), except rice of heading 10.06; germ of cereals, whole, rolled, flaked or ground. - Other worked grains (for example, hulled, pearled, sliced or kibbled): -- O","Grains of cereals, hulled, pearled, sliced, kibbled or otherwise worked (excl. rolled, flaked, flour, pellets, and oats and maize, and husked and semi- or wholly milled rice and broken rice)","Rice + Wheat","12","",""
"39","","110430","","HS2012","Cereal grains otherwise worked (for example, hulled, rolled, flaked, pearled, sliced or kibbled), except rice of heading 10.06; germ of cereals, whole, rolled, flaked or ground. - Germ of cereals, whole, rolled, flaked or ground.","Germ of cereals, whole, rolled, flaked or ground","Maize + Rice + Wheat","11","",""
"41","","110811","","HS2012","Starches; inulin. - Starches : -- Wheat starch.","Wheat starch","Wheat","1","",""
"43","","110812","","HS2012","Starches; inulin. - Starches : -- Maize (corn) starch.","Maize starch","Maize","3","",""
"45","","110819","","HS2012","Starches; inulin. - Starches : -- Other starches.","Starch (excl. wheat, maize, potato and manioc)","Rice","2","",""
"49","","120110","","HS2012","Soya beans, whether or not broken. - Seed.","Soya bean seed, for sowing","Soybeans","4","",""
"50","","120190","","HS2012","Soya beans, whether or not broken. - Other.","Soya beans, whether or not broken (excl. seed for sowing)","Soybeans","4","",""
"52","","120810","","HS2012","Flours and meals of oil seeds or oleaginous fruits, other than those of mustard. - Of soya beans.","Soya bean flour and meal","Soybeans","4","",""
"54","","150710","","HS2012","Soya-bean oil and its fractions, whether or not refined, but not chemically modified. - Crude oil, whether or not degummed.","Crude soya-bean oil, whether or not degummed","Soybeans","4","",""
"56","","150790","","HS2012","Soya-bean oil and its fractions, whether or not refined, but not chemically modified. - Other.","Soya-bean oil and its fractions, whether or not refined (excl. chemically modified and crude)","Soybeans","4","",""
"58","","151521","","HS2012","Other fixed vegetable fats and oils (including jojoba oil) and their fractions, whether or not refined, but not chemically modified. - Maize (corn) oil and its fractions : -- Crude oil.","Crude maize oil","Maize","3","",""
"60","","151529","","HS2012","Other fixed vegetable fats and oils (including jojoba oil) and their fractions, whether or not refined, but not chemically modified. - Maize (corn) oil and its fractions : -- Other.","Maize oil and fractions thereof, whether or not refined, but not chemically modified (excl. crude)","Maize","3","",""
"61","","151590","","HS2012","Other fixed vegetable fats and oils (including jojoba oil) and their fractions, whether or not refined, but not chemically modified. - Other.","Fixed vegetable fats and oils and their fractions, whether or not refined, but not chemically modified","Rice","2","",""
"63","","190410","","HS2012","Prepared foods obtained by the swelling or roasting of cereals or cereal products (for example, corn flakes); cereals (other than maize (corn)) in grain form or in the form of flakes or other worked grains (except flour, groats and meal), pre-cooked, or o","Prepared foods obtained by swelling or roasting cereals or cereal products, e.g. corn flakes","Maize + Rice + Wheat","11","",""
"65","","190420","","HS2012","Prepared foods obtained by the swelling or roasting of cereals or cereal products (for example, corn flakes); cereals (other than maize (corn)) in grain form or in the form of flakes or other worked grains (except flour, groats and meal), pre-cooked, or o","Prepared foods obtained from unroasted cereal flakes or from mixtures of unroasted cereal flakes and roasted cereal flakes or swelled cereals","Maize + Rice + Wheat","11","",""
"67","","190430","","HS2012","Prepared foods obtained by the swelling or roasting of cereals or cereal products (for example, corn flakes); cereals (other than maize (corn)) in grain form or in the form of flakes or other worked grains (except flour, groats and meal), pre-cooked, or o","Bulgur wheat in the form of worked grains, obtained by cooking hard wheat grains","Wheat","1","",""
"69","","190490","","HS2012","Prepared foods obtained by the swelling or roasting of cereals or cereal products (for example, corn flakes); cereals (other than maize (corn)) in grain form or in the form of flakes or other worked grains (except flour, groats and meal), pre-cooked, or o","Cereals (excl. maize [corn]) in grain or flake form or other worked grains, pre-cooked or otherwise prepared","Maize + Rice + Wheat","11","",""
"72","","230210","","HS2012","Bran, sharps and other residues, whether or not in the form of pellets, derived from the sifting, milling or other working of cereals or of leguminous plants. - Of maize (corn).","Bran, sharps and other residues of maize (corn), whether or not in the form of pellets, derived from sifting, milling or other working","Maize","3","",""
"74","","230230","","HS2012","Bran, sharps and other residues, whether or not in the form of pellets, derived from the sifting, milling or other working of cereals or of leguminous plants. - Of wheat.","Bran, sharps and other residues of wheat, whether or not in the form of pellets, derived from sifting, milling or other working","Wheat","1","",""
"75","","230240","","HS2012","Bran, sharps and other residues, whether or not in the form of pellets, derived from the sifting, milling or other working of cereals or of leguminous plants. - Of other cereals.","Bran, sharps and other residues of cereals, whether or not in the form of pellets, derived from sifting, milling or other working (excl. maize and wheat)","Rice","2","",""
"77","","230400","","HS2012","Oil-cake and other solid residues, whether or not ground or in the form of pellets, resulting from the extraction of soyabean oil.","Oilcake and other solid residues, whether or not ground or in the form of pellets, resulting from the extraction of soya-bean oil","Soybeans","4","",""
"83","","","","","Common wheat","Common wheat","Wheat","1","",""
"84","","","","","Durum wheat","Durum wheat","Wheat","1","",""
"85","","1005","","HS2012","Maize","Maize","Maize","3","",""
"86","","1006","","HS2012","Rice","Rice","Rice","2","",""
"87","","1507","","HS2012","Soybeans","Soybeans","Soybeans","4","",""
"88","","1001","","HS2012","Wheat","Wheat","Wheat","1","",""
"89","Argentina","10011010","","HS2007","Wheat and meslin. - Durum wheat. -- Para siembra.","(-) Durum wheat. Para siembra","Wheat","1","","12"
"90","Argentina","10011090","","HS2007","Wheat and meslin. - Durum wheat. -- No suministrada.","(-) Durum wheat. No suministrada","Wheat","1","","12"
"91","Argentina","10019000","","HS2007","Wheat and meslin. - Other","Wheat and meslin (-)","Wheat","1","","12"
"92","Argentina","10019010","","HS2007","Wheat and meslin. - Other. -- Para siembra.","Wheat and meslin (-). Para siembra","Wheat","1","","12"
"93","Argentina","10019090","","HS2007","Wheat and meslin. - Other. -- No suministrada.","Wheat and meslin (-) No suministrada","Wheat","1","","12"
"94","Argentina","10051000","","HS2007","Maize (corn). - Seed.","Maize (corn) seed","Maize","3","","12"
"96","Argentina","10059010","","HS2007","Maize (corn). - Other. -- En grano.","Maize (corn) (-) En grano","Maize","3","","12"
"97","Argentina","10059090","","HS2007","Maize (corn). - Other. -- Los demás.","Maize (corn) (-) Los demás","Maize","3","","12"
"98","Argentina","10061010","","HS2007","Rice. - Rice in the husk (paddy or rough). -- Para siembra.","(-) Rice in the husk (paddy or rough). Para siembra","Rice","2","","12"
"99","Argentina","10061091","","HS2007","Rice. - Rice in the husk (paddy or rough). -- Los demás. --- Parboilizado.","(-) Rice in the husk (paddy or rough) for sowing (-) Parboilizado","Rice","2","","12"
"100","Argentina","10061092","","HS2007","Rice. - Rice in the husk (paddy or rough). -- Los demás. --- No parboilizado.","(-) Rice in the husk (paddy or rough) for sowing (-) No parboilizado","Rice","2","","12"
"101","Argentina","10062010","","HS2007","Rice. - Husked (brown) rice. -- Parboilizado.","(-) Husked (brown) rice. Parboilizado","Rice","2","","12"
"102","Argentina","10062020","","HS2007","Rice. - Husked (brown) rice. -- No parboilizado.","(-) Husked (brown) rice. No parboilizado","Rice","2","","12"
"103","Argentina","10063011","","HS2007","Rice. - Semi-milled or wholly milled rice, whether or not polished or glazed. -- Parboilizado. --- Pulido o glaseado.","(-) Semi/wholly milled parboiled rice. Parboilizado pulido or glaseado","Rice","2","","12"
"104","Argentina","10063019","","HS2007","Rice. - Semi-milled or wholly milled rice, whether or not polished or glazed. -- Parboilizado. --- Los demás.","(-) Semi/wholly milled parboiled rice. Parboilizado","Rice","2","","12"
"105","Argentina","10063021","","HS2007","Rice. - Semi-milled or wholly milled rice, whether or not polished or glazed. -- No parboilizado. --- Pulido o glaseado","(-) Semi/wholly milled rice. No parboilizado pulido o glaseado","Rice","2","","12"
"106","Argentina","10063029","","HS2007","Rice. - Semi-milled or wholly milled rice, whether or not polished or glazed. -- No parboilizado. --- Los demás","(-) Semi/wholly milled rice. No parboilizado","Rice","2","","12"
"107","Argentina","10064000","","HS2007","Rice. - Broken rice.","(-) Broken rice","Rice","2","","12"
"108","Argentina","11010010","","HS2007","Wheat or meslin flour. - De trigo.","Wheat or meslin flour. De trigo","Wheat","1","","12"
"109","Argentina","11010020","","HS2007","Wheat or meslin flour. - De morcajo (tranquillón).","Wheat or meslin flour. De morcajo (tranquillón)","Wheat","1","","12"
"110","Argentina","11022000","","HS2007","Cereal flours other than of wheat or meslin. - Maize (corn) flour.","(-) Maize (corn) flour","Maize","3","","12"
"111","Argentina","11029000","","HS2007","Cereal flours other than of wheat or meslin. - Other.","Cereal flours other than of wheat or meslin","Rice","2","","12"
"112","Argentina","11031100","","HS2007","Cereal groats, meal and pellets. - Groats and meal : -- Of wheat.","(-) Groats and meal of wheat","Wheat","1","","12"
"113","Argentina","11031300","","HS2007","Cereal groats, meal and pellets. - Groats and meal : -- Of maize (corn).","(-) Groats and meal of maize (corn)","Maize","3","","12"
"114","Argentina","11031900","","HS2007","Cereal groats, meal and pellets. - Groats and meal : -- Of other cereals.","(-) Groats and meal of other cereals","Rice","2","","12"
"116","Argentina","11042300","","HS2007","Cereal grains otherwise worked (for example, hulled, rolled, flaked, pearled, sliced or kibbled), except rice of heading 10.06; germ of cereals, whole, rolled, flaked or ground. - Other worked grains (for example, hulled, pearled, sliced or kibbled): -- O","(-) Other worked grains (e.g. hulled, pearled, sliced or kibbled) of maize (corn)","Maize","3","","12"
"118","Argentina","11043000","","HS2007","Cereal grains otherwise worked (for example, hulled, rolled, flaked, pearled, sliced or kibbled), except rice of heading 10.06; germ of cereals, whole, rolled, flaked or ground. - Germ of cereals, whole, rolled, flaked or ground.","(-) Germ of cereals, whole, rolled, flaked or ground","Maize + Rice + Wheat","11","","12"
"119","Argentina","11081100","","HS2007","Starches; inulin. - Starches : -- Wheat starch.","(-) Starches of wheat","Wheat","1","","12"
"120","Argentina","11081200","","HS2007","Starches; inulin. - Starches : -- Maize (corn) starch.","(-) Starches of maize (corn)","Maize","3","","12"
"121","Argentina","11081900","","HS2007","Starches; inulin. - Starches : -- Other starches.","(-) Other starches","Rice","2","","12"
"122","Argentina","11090000","","HS2007","Wheat gluten, whether or not dried.","Wheat gluten","Wheat","1","","12"
"123","Argentina","12010010","","HS2007","Soya beans, whether or not broken. - Para siembra.","Soya beans. Para siembra","Soybeans","4","","12"
"124","Argentina","12010090","","HS2007","Soya beans, whether or not broken. - Las demás.","Soya beans. Las demás","Soybeans","4","","12"
"126","Argentina","12081000","","HS2007","Flours and meals of oil seeds or oleaginous fruits, other than those of mustard. - Of soya beans.","Flours and meals of soya beans","Soybeans","4","","12"
"144","Argentina","15152100","","HS2007","Other fixed vegetable fats and oils (including jojoba oil) and their fractions, whether or not refined, but not chemically modified. - Maize (corn) oil and its fractions : -- Crude oil. --- No suministrada.","(-) Maize (corn) crude oil. No suministrada","Maize","3","","12"
"148","Argentina","15152910","","HS2007","Other fixed vegetable fats and oils (including jojoba oil) and their fractions, whether or not refined, but not chemically modified. - Maize (corn) oil and its fractions : -- Other. --- Refinado en envases con capacidad inferior o igual a 5 l.","(-) Maize (corn) oil and its fractions (-).  Refinado en envases con capacidad inferior o igual a 5 l","Maize","3","","12"
"149","Argentina","15152990","","HS2007","Other fixed vegetable fats and oils (including jojoba oil) and their fractions, whether or not refined, but not chemically modified. - Maize (corn) oil and its fractions : -- Other. --- Los demás","(-) Maize (corn) oil and its fractions (-). Los demás","Maize","3","","12"
"150","Argentina","19041000","","HS2007","Prepared foods obtained by the swelling or roasting of cereals or cereal products (for example, corn flakes); cereals (other than maize (corn)) in grain form or in the form of flakes or other worked grains (except flour, groats and meal), pre-cooked, or o","(-) Prepared foods obtained by the swelling or roasting of cereals or cereal products","Maize + Rice + Wheat","11","","12"
"152","Argentina","19043000","","HS2007","Prepared foods obtained by the swelling or roasting of cereals or cereal products (for example, corn flakes); cereals (other than maize (corn)) in grain form or in the form of flakes or other worked grains (except flour, groats and meal), pre-cooked, or o","Prepared foods obtained by the swelling or roasting of cereals; pre-cooked or otherwise prepared grains, flakes or other worked grains (except flour, groats and meal) of cereals. Bulgur wheat","Wheat","1","","12"
"158","Argentina","23020012","","HS2007","Brans, sharps and other residues of wheat","Bran, sharps and other residues derived from the sifting, milling or other working of wheat","Wheat","1","","12"
"164","Argentina","23040010","","HS2007","Oil-cake and other solid residues, whether or not ground or in the form of pellets, resulting from the extraction of soyabean oil. - Harina y «pellets».","Oil-cake and other solid residues resulting from the extraction of soybean oil","Soybeans","4","","12"
"165","Argentina","23040090","","HS2007","Oil-cake and other solid residues, whether or not ground or in the form of pellets, resulting from the extraction of soyabean oil. - Los demás.","Oil-cake and other solid residues resulting from the extraction of soybean oil","Soybeans","4","","12"
"167","Argentina","","","","Biodiesel","Biodiesel","Biodiesel","6","","12"
"168","Argentina","","","","Bioethanol","Bioethanol","Ethanol","5","","12"
"169","Argentina","","","","Wheat","Wheat","Wheat","1","ARGR001","12"
"212","Australia","38260010","","HS2012","Biodiesel and mixtures thereof, not containing or containing less than 70 % by weight of petroleum oils or oils obtained from bituminous minerals----Biodiesel, other than goods of 2710 or 3826.00.20","(-) Biodiesel, other than goods of 2710 or 3826.00.20","Biodiesel","6","","17"
"213","Australia","38260020","","HS2012","Biodiesel and mixtures thereof, not containing or containing less than 70 % by weight of petroleum oils or oils obtained from bituminous minerals----Mixtures of biodiesel and other substances, not being blends classified to 2710","(-) Mixtures of biodiesel and other substances, not being blends classified to 2710","Biodiesel","6","","17"
"214","Australia","","","","Biodiesel","Biodiesel","Biodiesel","6","","17"
"215","Australia","","","","Ethanol","Ethanol","Ethanol","5","","17"
"318","Brazil","","","","Biodiesel","Biodiesel","Biodiesel","6","","37"
"320","Brazil","","","","Coarse grains","Coarse grains","Maize + Rice","9","BRAX001","37"
"321","Brazil","","","","Ethanol","Ethanol","Ethanol","5","","37"
"322","Brazil","","","","Preparations of cereals, flour of milk and pastrycook poducts","Preparations of cereals, flour of milk and pastrycook poducts","Maize + Rice + Wheat","11","BRAX015","37"
"323","Brazil","","","","Vegetable oils","Vegetable oils","Maize + Soybeans","10","BRAX002","37"
"486","Canada","","","","Biodiesel","Biodiesel","Biodiesel","6","","46"
"487","Canada","","","","Biodiesel, B100. Oxygenated ester- or ether-based fuel derived from vegetable oils or animal fats","Biodiesel, B100","Biodiesel","6","","46"
"488","Canada","","","","Cellulosic ethanol","Cellulosic ethanol","Ethanol","5","","46"
"489","Canada","","","","Coarse grains","Coarse grains","Maize + Rice + Wheat","11","CANX002","46"
"490","Canada","","","","Ethanol","Ethanol","Ethanol","5","","46"
"491","Canada","","","","Ethanol 1st generation","Ethanol 1st generation","Ethanol","5","","46"
"492","Canada","","","","Ethanol 2nd generation","Ethanol 2nd generation","Ethanol","5","","46"
"493","Canada","","","","Renewable diesel","Renewable diesel","Biodiesel","6","","46"
"494","Canada","","","","Wheat","Wheat","Wheat","1","CANQ017","46"
"495","Canada","","","","Wheat and wheat flour","Wheat and wheat flour","Wheat","1","CANX001","46"
"496","Canada","","","","Wheat products","Wheat products","Wheat","1","CANQ019","46"
"497","China","10011000","","HS2007","Wheat and meslin. - Durum wheat.","(-) Durum wheat","Wheat","1","","53"
"500","China","10019010","","HS2007","Wheat and meslin. - Other. -- Seed.","Wheat and meslin (-) Seed","Wheat","1","","53"
"503","China","10019090","","HS2007","Wheat and meslin. - Other. -- Other.","Wheat and meslin (-)","Wheat","1","","53"
"507","China","10051000","","HS2007","Maize (corn). - Seed.","Maize (corn) seed","Maize","3","","53"
"510","China","10059000","","HS2007","Maize (corn). - Other.","Maize (corn)","Maize","3","","53"
"513","China","10061011","","HS2007","Rice. - Rice in the husk (paddy or rough). --- Seed. ---- Long grain.","(-) Long grain rice in the husk (paddy or rough) seed","Rice","2","","53"
"516","China","10061019","","HS2007","Rice. - Rice in the husk (paddy or rough). --- Seed. ---- Other.","(-) Rice in the husk (paddy or rough) seed","Rice","2","","53"
"519","China","10061091","","HS2007","Rice. - Rice in the husk (paddy or rough). --- Other. ---- Long grain.","(-) Long grain rice in the husk (paddy or rough)","Rice","2","","53"
"522","China","10061099","","HS2007","Rice. - Rice in the husk (paddy or rough). --- Other. ---- Other.","(-) Rice in the husk (paddy or rough) (-)","Rice","2","","53"
"525","China","10062010","","HS2007","Rice. - Husked (brown) rice. --- Long grain.","(-) Husked (brown) rice. Long grain","Rice","2","","53"
"528","China","10062090","","HS2007","Rice. - Husked (brown) rice. --- Other.","(-) Husked (brown) rice","Rice","2","","53"
"531","China","10063010","","HS2007","Rice. - Semi-milled or wholly milled rice, whether or not polished or glazed. --- Long grain.","(-) Semi/wholly milled long grain rice","Rice","2","","53"
"534","China","10063090","","HS2007","Rice. - Semi-milled or wholly milled rice, whether or not polished or glazed. --- Other.","(-) Semi/wholly milled rice","Rice","2","","53"
"537","China","10064010","","HS2007","Rice. - Broken rice. --- Long grain.","(-) Long grain broken rice","Rice","2","","53"
"540","China","10064090","","HS2007","Rice. - Broken rice. --- Other.","(-) Broken rice","Rice","2","","53"
"543","China","11010000","","HS2007","Wheat or meslin flour.","Wheat or meslin flour","Wheat","1","","53"
"546","China","11022000","","HS2007","Cereal flours other than of wheat or meslin. - Maize (corn) flour.","(-) Maize (corn) flour","Maize","3","","53"
"549","China","11029011","","HS2007","Cereal flours other than of wheat or meslin. - Other. - Other: -- Rice flour: --- Of long grain.","(-) Long grain rice flour","Rice","2","","53"
"552","China","11029019","","HS2007","Cereal flours other than of wheat or meslin. - Other. - Other: -- Rice flour: --- Other.","(-) Rice flour","Rice","2","","53"
"556","China","11031100","","HS2007","Cereal groats, meal and pellets. - Groats and meal : -- Of wheat.","(-) Groats and meal of wheat","Wheat","1","","53"
"559","China","11031300","","HS2007","Cereal groats, meal and pellets. - Groats and meal : -- Of maize (corn).","(-) Groats and meal of maize (corn)","Maize","3","","53"
"563","China","11031921","","HS2007","Cereal groats, meal and pellets. - Groats and meal : -- Of other cereals. --- Of rice: ---- Of long grain.","(-) Groats and meal of long grain rice","Rice","2","","53"
"566","China","11031929","","HS2007","Cereal groats, meal and pellets. - Groats and meal : -- Of other cereals. --- Of rice: ---- Other.","(-) Groats and meal of rice","Rice","2","","53"
"574","China","11041990","","HS2007","Cereal grains otherwise worked (for example, hulled, rolled, flaked, pearled, sliced or kibbled), except rice of heading 10.06; germ of cereals, whole, rolled, flaked or ground. - Rolled or flaked grains: -- Of other cereals. --- Other.","(-) Rolled or flaked grains of other cereals","Maize + Rice + Wheat","11","","53"
"576","China","11042300","","HS2007","Cereal grains otherwise worked (for example, hulled, rolled, flaked, pearled, sliced or kibbled), except rice of heading 10.06; germ of cereals, whole, rolled, flaked or ground. - Other worked grains (for example, hulled, pearled, sliced or kibbled): -- O","(-) Other worked grains (e.g. hulled, pearled, sliced or kibbled) of maize (corn)","Maize","3","","53"
"579","China","11042990","","HS2007","Cereal grains otherwise worked (for example, hulled, rolled, flaked, pearled, sliced or kibbled), except rice of heading 10.06; germ of cereals, whole, rolled, flaked or ground. - Other worked grains (for example, hulled, pearled, sliced or kibbled): -- O","(-) Other worked grains (e.g. hulled, pearled, sliced or kibbled) of other cereals","Rice + Wheat","12","","53"
"580","China","11043000","","HS2007","Cereal grains otherwise worked (for example, hulled, rolled, flaked, pearled, sliced or kibbled), except rice of heading 10.06; germ of cereals, whole, rolled, flaked or ground. - Germ of cereals, whole, rolled, flaked or ground.","(-) Germ of cereals, whole, rolled, flaked or ground","Maize + Rice + Wheat","11","","53"
"581","China","11081100","","HS2007","Starches; inulin. - Starches : -- Wheat starch.","(-) Starches of wheat","Wheat","1","","53"
"582","China","11081200","","HS2007","Starches; inulin. - Starches : -- Maize (corn) starch.","(-) Starches of maize (corn)","Maize","3","","53"
"584","China","11081900","","HS2007","Starches; inulin. - Starches : -- Other starches.","(-) Other starches","Rice","2","","53"
"585","China","11090000","","HS2007","Wheat gluten, whether or not dried.","Wheat gluten","Wheat","1","","53"
"586","China","12010010","","HS2007","Soya beans, whether or not broken. - Seed.","Soya beans seed","Soybeans","4","","53"
"587","China","12010091","","HS2007","Soya beans, whether or not broken. - Other: -- Yellow soya beans.","(-) Yellow soya beans","Soybeans","4","","53"
"588","China","12010092","","HS2007","Soya beans, whether or not broken. - Other: -- Black soya beans","(-) Black soya beans","Soybeans","4","","53"
"589","China","12010093","","HS2007","Soya beans, whether or not broken. - Other: -- Green soya beans","(-) Green soya beans","Soybeans","4","","53"
"590","China","12010099","","HS2007","Soya beans, whether or not broken. - Other: -- Other","Soya beans (-)","Soybeans","4","","53"
"591","China","12081000","","HS2007","Flours and meals of oil seeds or oleaginous fruits, other than those of mustard. - Of soya beans.","Flours and meals of soya beans","Soybeans","4","","53"
"592","China","15071000","","HS2007","Soya-bean oil and its fractions, whether or not refined, but not chemically modified. - Crude oil, whether or not degummed.","(-) Crude oil of soya-bean","Soybeans","4","","53"
"593","China","15079000","","HS2007","Soya-bean oil and its fractions, whether or not refined, but not chemically modified. - Other.","Soya-bean oil and its fractions","Soybeans","4","","53"
"594","China","15152100","","HS2007","Other fixed vegetable fats and oils (including jojoba oil) and their fractions, whether or not refined, but not chemically modified. - Maize (corn) oil and its fractions : -- Crude oil.","(-) Maize (corn) crude oil","Maize","3","","53"
"595","China","15152900","","HS2007","Other fixed vegetable fats and oils (including jojoba oil) and their fractions, whether or not refined, but not chemically modified. - Maize (corn) oil and its fractions : -- Other.","(-) Maize (corn) oil and its fractions","Maize","3","","53"
"596","China","19041000","","HS2007","Prepared foods obtained by the swelling or roasting of cereals or cereal products (for example, corn flakes); cereals (other than maize (corn)) in grain form or in the form of flakes or other worked grains (except flour, groats and meal), pre-cooked, or o","(-) Prepared foods obtained by the swelling or roasting of cereals or cereal products","Maize + Rice + Wheat","11","","53"
"597","China","19042000","","HS2007","Prepared foods obtained by the swelling or roasting of cereals or cereal products (for example, corn flakes); cereals (other than maize (corn)) in grain form or in the form of flakes or other worked grains (except flour, groats and meal), pre-cooked, or o","(-) Prepared foods obtained from unroasted cereal flakes (also from mixtures unroasted/roasted) or swelled cereals","Maize + Rice + Wheat","11","","53"
"598","China","19043000","","HS2007","Prepared foods obtained by the swelling or roasting of cereals or cereal products (for example, corn flakes); cereals (other than maize (corn)) in grain form or in the form of flakes or other worked grains (except flour, groats and meal), pre-cooked, or o","Prepared foods obtained by the swelling or roasting of cereals; pre-cooked or otherwise prepared grains, flakes or other worked grains (except flour, groats and meal) of cereals. Bulgur wheat","Wheat","1","","53"
"599","China","19049000","","HS2007","Prepared foods obtained by the swelling or roasting of cereals or cereal products (for example, corn flakes); cereals (other than maize (corn)) in grain form or in the form of flakes or other worked grains (except flour, groats and meal), pre-cooked, or o","Prepared foods obtained by the swelling or roasting of cereals; pre-cooked or otherwise prepared grains, flakes or other worked grains (except flour, groats and meal) of cereals","Maize + Rice + Wheat","11","","53"
"608","China","23040010","","HS2007","Oil-cake and other solid residues, whether or not ground or in the form of pellets, resulting from the extraction of soyabean oil. - Oil-cake.","Oil-cake and other solid residues resulting from the extraction of soybean oil","Soybeans","4","","53"
"609","China","23040090","","HS2007","Oil-cake and other solid residues, whether or not ground or in the form of pellets, resulting from the extraction of soyabean oil. - Other.","Oil-cake and other solid residues resulting from the extraction of soybean oil","Soybeans","4","","53"
"614","China","","","","Biodiesel. (i) Waste animal oil and vegetable oil shall account for at least 70% of the raw production materials; (ii) The pure biodiesel produced shall meet the national standards of the 'Biodiesel Blend Stock (BD 100) for Diesel Engine Fuels'.","Biodiesel","Biodiesel","6","","53"
"615","China","","","","Cereal flours other than of wheat or meslin, Rice flour; Cereal groats, meal and pellets. - Groats and meal : Of rice","Cereal flours other than of wheat or meslin, Rice flour; Cereal groats, meal and pellets. - Groats and meal : Of rice","Rice","2","CHNR002","53"
"616","China","","","","Corn","Corn","Maize","3","CHNQ002","53"
"617","China","","","","Ethanol","Ethanol","Ethanol","5","","53"
"618","China","","","","Grain-based ethanol","Grain-based ethanol","Ethanol","5","","53"
"619","China","","","","Rice, long grain","Rice, long grain","Rice","2","CHNQ004","53"
"620","China","","","","Rice, short and medium grain","Rice, short and medium grain","Rice","2","CHNQ003","53"
"621","China","","","","Soybean oil","Soybean oil","Soybeans","4","CHNQ005","53"
"622","China","","","","Wheat","Wheat","Wheat","1","CHNQ001","53"
"623","China","","","","Wheat and Maize","Wheat and Maize","Maize + Wheat","8","CHNR001","53"
"897","European Union","22071000","","HS2012","Undenatured ethyl alcohol of an alcoholic strength by volume of 80 % vol. or higher","Undenatured ethyl alcohol of an alcoholic strength of 80% vol or higher","Ethanol","5","","999000"
"898","European Union","22072000","","HS2012","Ethyl alcohol and Other spirits, denatured, of any strength","Ethyl alcohol and other spirits, denatured, of any strength","Ethanol","5","","999000"
"937","European Union","","","","Biodiesel","Biodiesel","Biodiesel","6","","999000"
"938","European Union","","","","Biofuel","Biofuel","Biofuel (unspecified)","7","","999000"
"939","European Union","","","","Bran, sharps and other residues, whether or not in the form of pellets derived from the sifting, milling or other working of cereals : - Of wheat; - Of Other cereals","Bran, sharps and other residues derived from the sifting, milling or other working of wheat (-)","Wheat","1","EECQ041","999000"
"940","European Union","","","","Broken rice","Broken rice","Rice","2","EECQ092","999000"
"941","European Union","","","","Broken rice","Broken rice","Rice","2","EECQ094","999000"
"942","European Union","","","","Broken rice, intended for the production of foodstuffs of subheading 1901 10 00","Broken rice, intended for the production of foodstuffs of subheading 1901 10 00","Rice","2","EECQ033","999000"
"943","European Union","","","","Coarse grains","Coarse grains","Maize + Rice + Wheat","11","EECX002","999000"
"944","European Union","","","","Durum wheat (with a minimum vitreous kernel content of 73 %)","Durum wheat (with a minimum vitreous kernel content of 73 %)","Wheat","1","EECQ080","999000"
"945","European Union","","","","Ethanol","Ethanol","Ethanol","5","","999000"
"946","European Union","","","","Husked (brown) rice","Husked (brown) rice","Rice","2","EECQ083","999000"
"947","European Union","","","","Husked (brown) rice","Husked (brown) rice","Rice","2","EECQ100","999000"
"948","European Union","","","","Maize","Maize","Maize","3","EECQ099","999000"
"949","European Union","","","","Other maize","Other maize","Maize","3","EECQ031","999000"
"950","European Union","","","","Other maize","Other maize","Maize","3","EECQ082","999000"
"951","European Union","","","","Other spelt, medium and low quality common wheat and meslin","Other spelt, medium and low quality common wheat and meslin","Wheat","1","EECQ089","999000"
"952","European Union","","","","Paddy rice","Paddy rice","Rice","2","EECQ093","999000"
"953","European Union","","","","Quality wheat","Quality wheat","Wheat","1","EECQ079","999000"
"954","European Union","","","","Rice","Rice","Rice","2","EECX003","999000"
"955","European Union","","","","Semi-milled or wholly milled rice","Semi-milled or wholly milled rice","Rice","2","EECQ084","999000"
"956","European Union","","","","Wheat and wheat flour","Wheat and wheat flour","Wheat","1","EECX001","999000"
"960","France","","","","Biodiesel","Biodiesel","Biodiesel","6","","85"
"961","France","","","","Biofuel","Biofuel","Biofuel (unspecified)","7","","85"
"962","France","","","","Ethanol","Ethanol","Ethanol","5","","85"
"963","Germany","","","","Biodiesel","Biodiesel","Biodiesel","6","","93"
"965","Germany","","","","Biofuel","Biofuel","Biofuel (unspecified)","7","","93"
"966","Germany","","","","Ethanol, E70 and higher blends","Ethanol, E70 and higher blends","Ethanol","5","","93"
"978","India","10051000","","HS2012","Maize (corn). - Seed.","Maize (corn) seed","Maize","3","","115"
"979","India","10059000","","HS2012","Maize (corn). - Other.","Maize (corn)","Maize","3","","115"
"980","India","10061010","","HS2012","Rice. - Rice in the husk (paddy or rough). -- Of seed quality.","(-) Rice in the husk (paddy or rough) of seed quality","Rice","2","","115"
"981","India","10061090","","HS2012","Rice. - Rice in the husk (paddy or rough). -- Other.","(-) Rice in the husk (paddy or rough)","Rice","2","","115"
"982","India","10062000","","HS2012","Rice. - Husked (brown) rice.","(-) Husked (brown) rice","Rice","2","","115"
"983","India","10063010","","HS2012","Rice. - Semi-milled or wholly milled rice, whether or not polished or glazed. -- Parboiled.","(-) Semi/wholly milled parboiled rice","Rice","2","","115"
"984","India","10063020","","HS2012","Rice. - Semi-milled or wholly milled rice, whether or not polished or glazed. -- Basmati.","(-) Semi/wholly milled Basmati rice","Rice","2","","115"
"985","India","10063090","","HS2012","Rice. - Semi-milled or wholly milled rice, whether or not polished or glazed. -- Other.","(-) Semi/wholly milled rice","Rice","2","","115"
"986","India","10064000","","HS2012","Rice. - Broken rice.","Rice. - Broken rice","Rice","2","","115"
"1005","India","15071000","","HS2012","Soya-bean oil and its fractions, whether or not refined, but not chemically modified. - Crude oil, whether or not degummed.","(-) Crude oil of soya-bean","Soybeans","4","","115"
"1006","India","15079010","","HS2012","Soya-bean oil and its fractions, whether or not refined, but not chemically modified. - Other. -- Edible grade.","Soya-bean oil and its fractions (-). Edible grade","Soybeans","4","","115"
"1007","India","15079090","","HS2012","Soya-bean oil and its fractions, whether or not refined, but not chemically modified. - Other. -- Other.","Soya-bean oil and its fractions (-)","Soybeans","4","","115"
"1008","India","15152100","","HS2012","Other fixed vegetable fats and oils (including jojoba oil) and their fractions, whether or not refined, but not chemically modified. - Maize (corn) oil and its fractions : -- Crude oil.","(-) Maize (corn) crude oil","Maize","3","","115"
"1009","India","15152910","","HS2012","Other fixed vegetable fats and oils (including jojoba oil) and their fractions, whether or not refined, but not chemically modified. - Maize (corn) oil and its fractions : -- Other. --- Edible grade.","(-) Maize (corn) oil and its fractions. Edible grade","Maize","3","","115"
"1010","India","15152990","","HS2012","Other fixed vegetable fats and oils (including jojoba oil) and their fractions, whether or not refined, but not chemically modified. - Maize (corn) oil and its fractions : -- Other. --- Other.","(-) Maize (corn) oil and its fractions (-)","Maize","3","","115"
"1032","India","","","","Biodiesel","Biodiesel","Biodiesel","6","","115"
"1033","India","","","","Biofuel","Biofuel","Biofuel (unspecified)","7","","115"
"1034","India","","","","Edible oils","Edible oils","Maize + Soybeans","10","INDR004","115"
"1035","India","","","","Ethanol","Ethanol","Ethanol","5","","115"
"1036","India","","","","Maize (corn), other","Maize (corn), other","Maize","3","INDQ002","115"
"1037","India","","","","Non-basmati rice, excluding seed quality rice","Non-basmati rice, excluding seed quality rice","Rice","2","INDR003","115"
"1038","India","","","","Non-basmati rice","Non-basmati rice","Rice","2","INDR002","115"
"1039","India","","","","Wheat","Wheat","Wheat","1","INDR001","115"
"1048","Indonesia","1006100000","","HS2007","Rice. - Rice in the husk (paddy or rough).","(-) Rice in the husk (paddy or rough)","Rice","2","","116"
"1053","Indonesia","1006301900","","HS2007","Rice. - Semi-milled or wholly milled rice, whether or not polished or glazed. -- Fragrant rice : --- Other","(-) Semi/wholly milled fragrant rice","Rice","2","","116"
"1055","Indonesia","1006303000","","HS2007","Rice. - Semi-milled or wholly milled rice, whether or not polished or glazed. -- Glutinous rice (pulot).","(-) Semi/wholly milled glutinous rice","Rice","2","","116"
"1056","Indonesia","1006309000","","HS2007","Rice. - Semi-milled or wholly milled rice, whether or not polished or glazed. -- Other.","(-) Semi/wholly milled rice","Rice","2","","116"
"1101","Indonesia","","","","Biodiesel","Biodiesel","Biodiesel","6","","116"
"1102","Indonesia","","","","Biofuel","Biofuel","Biofuel (unspecified)","7","","116"
"1103","Indonesia","","","","Ethanol","Ethanol","Ethanol","5","","116"
"1104","Indonesia","","","","Rice","Rice","Rice","2","IDNQ002","116"
"1105","Indonesia","","","","Rice","Rice","Rice","2","IDNX001","116"
"1106","Italy","","","","Biofuel","Biofuel","Biofuel (unspecified)","7","","122"
"1205","Japan","","","","Ethanol","Ethanol","Ethanol","5","","126"
"1206","Japan","","","","Ethanol, E3 up to E10","Ethanol, E3 up to E10","Ethanol","5","","126"
"1207","Japan","","","","Rice and its worked and/or prepared products","Rice and its worked and/or prepared products","Rice","2","JPNQ016","126"
"1208","Japan","","","","Starches, inulin, and their preparations","Starches, inulin, and their preparations","Maize","3","JPNQ017","126"
"1209","Japan","","","","Wheat, meslin, triticale and their processed products","Wheat, meslin, triticale and their processed products","Wheat","1","JPNQ014","126"
"1210","Kazakhstan","","","","Bioethanol - ethanol produced from plant material used as a biofuel, subjected to denaturation","Ethanol","Ethanol","5","","132"
"1211","Kazakhstan","","","","Biofuel","Biofuel","Biofuel (unspecified)","7","","132"
"1212","Kazakhstan","","","","Fuel produced from raw materials of biological origin","Biofuel","Biofuel (unspecified)","7","","132"
"1261","Mexico","","","","Ethanol","Ethanol","Ethanol","5","","162"
"1262","Mexico","","","","Maize","Maize","Maize","3","MEXX001","162"
"1263","Mexico","","","","Maíz, excepto palomero y para siembra","Maíz, excepto palomero y para siembra","Maize","3","MEXQ009","162"
"1264","Mexico","","","","TRIGO:  Trigo duro;  Los demás de trigo","Trigo. Trigo duro. Los demás de trigo","Wheat","1","MEXQ007","162"
"1265","Mexico","","","","Wheat","Wheat","Wheat","1","MEXX003","162"
"1311","Nigeria","","","","Ethanol","Ethanol","Ethanol","5","","182"
"1375","Philippines","","","","Biodiesel - Fatty Acid Methyl Ester (FAME) or mono-alkyl ester delivered from vegetable oil, or animal fats and other biomass-derived oils that shall be technically proven and approved by the DOE for use in diesel engines, with quality specifications in a","Biodiesel","Biodiesel","6","","196"
"1376","Philippines","","","","Bioethanol fuel - ethanol (C2H30H) produced from feedstock and other biomass","Ethanol","Ethanol","5","","196"
"1377","Philippines","","","","Corn","Corn","Maize","3","PHLQ012","196"
"1378","Philippines","","","","Rice","Rice","Rice","2","PHLQ013","196"
"1459","Republic of Korea","","","","Biodiesel","Biodiesel","Biodiesel","6","","202"
"1460","Republic of Korea","","","","Maize (Corn /For feeding), Maize (For popcorn), Maize (Excluding seeds, feeds and popcorn), Maize (Groats and meal), Other maize (Excluding rolled or flaked /Worked), Maize (Starch), Sweet-corn (Excluding seed/Dried)","Maize (Corn /For feeding), Maize (For popcorn), Maize (Excluding seeds, feeds and popcorn), Maize (Groats and meal), Other maize (Excluding rolled or flaked /Worked), Maize (Starch), Sweet-corn (Excluding seed/Dried)","Maize","3","KORQ040","202"
"1461","Republic of Korea","","","","Maize (Corn /For seed), Sweet-corn (For seed/Dried)","Maize (Corn /For seed), Sweet-corn (For seed/Dried)","Maize","3","KORQ039","202"
"1462","Republic of Korea","","","","Rice","Rice","Rice","2","KORQ041","202"
"1463","Republic of Korea","","","","Soya beans (Whether or not broken)","Soya beans (Whether or not broken)","Soybeans","4","KORQ052","202"
"1464","Republic of Korea","","","","Wheat Starch, Other starches, Inulin","Wheat starch, other starches, Inulin","Wheat","1","KORQ048","202"
"1575","Russian Federation","","","","Biofuel","Biofuel","Biofuel (unspecified)","7","","204"
"1724","South Africa","","","","Biodiesel means a renewable fuel derived from vegetable or animal matter which conforms to the South African National Standard, Automotive Biodiesel - Fatty acid methil esters (FAME) for diesel engines - Requirements and test methods, SANS 1935, and the S","Biodiesel","Biodiesel","6","","227"
"1725","South Africa","","","","Ethanol derived from vegetable matter which conforms to the South African National Standard, standard specification specification for denatured fuel ethanol for blending with gasolines for use as automotive spark ignition engine fuel, SANS 465.","Ethanol","Ethanol","5","","227"
"1726","South Africa","","","","Maize and maize products","Maize and maize products","Maize","3","ZAFX025","227"
"1727","South Africa","","","","Maize or maize equivalent","Maize or maize equivalent","Maize","3","ZAFQ029","227"
"1728","South Africa","","","","Oilcake","Oilcake","Soybeans","4","ZAFQ051","227"
"1729","South Africa","","","","Oilseeds","Oilseeds","Soybeans","4","ZAFX027","227"
"1730","South Africa","","","","Soya beans","Soya beans","Soybeans","4","ZAFQ033","227"
"1731","South Africa","","","","Vegetable oils","Vegetable oils","Soybeans","4","ZAFX031","227"
"1732","South Africa","","","","Wheat and wheat products","Wheat and wheat products","Wheat","1","ZAFX022","227"
"1733","South Africa","","","","Wheat or wheat equivalent","Wheat or wheat equivalent","Wheat","1","ZAFQ025","227"
"1734","Spain","","","","Biodiesel","Biodiesel","Biodiesel","6","","229"
"1736","Spain","","","","Biofuel","Biofuel","Biofuel (unspecified)","7","","229"
"1737","Spain","","","","Ethanol","Ethanol","Ethanol","5","","229"
"1808","Thailand","","","","Biodiesel","Biodiesel","Biodiesel","6","","240"
"1809","Thailand","","","","Ethanol","Ethanol","Ethanol","5","","240"
"1810","Thailand","","","","Ethanol, E20","Ethanol, E20","Ethanol","5","","240"
"1811","Thailand","","","","Maize, for seed and other","Maize, for seed and other","Maize","3","THAQ011","240"
"1812","Thailand","","","","Rice","Rice","Rice","2","THAX099","240"
"1813","Thailand","","","","Rice (including paddy, broken)","Rice (including paddy, broken)","Rice","2","THAQ012","240"
"1814","Thailand","","","","Soya bean cake","Soya bean cake","Soybeans","4","THAQ021","240"
"1815","Thailand","","","","Soya beans, edible and inedible, whether or not broken","Soya beans, edible and inedible, whether or not broken","Soybeans","4","THAQ013","240"
"1946","Turkey","","","","Biodiesel","Biodiesel","Biodiesel","6","","249"
"1947","Turkey","","","","Ethanol","Ethanol","Ethanol","5","","249"
"1948","Turkey","","","","Maize","Maize","Maize","3","TURX025","249"
"1949","Turkey","","","","Maize oil (Refined)","Maize oil (Refined)","Maize","3","TURX032","249"
"1950","Turkey","","","","Semolina","Semolina","Wheat","1","TURX027","249"
"1951","Turkey","","","","Wheat","Wheat","Wheat","1","TURX023","249"
"1952","Turkey","","","","Wheat flour","Wheat flour","Wheat","1","TURX026","249"
"1953","United Kingdom","","","","Biodiesel (A diesel quality liquid fuel derived from biomass or waste cooking oils, the ester content of which is not less than 96.5% by weight; and the sulphur content of which does not exceed 0.005 per cent by weight, or is nil), bioethanol (A liquid fu","Biofuel","Biofuel (unspecified)","7","","256"
"1954","United Kingdom","","","","Biodiesel, a diesel quality liquid fuel derived from biomass or waste cooking oils, the ester content of which is not less than 96.5% by weight; and the sulphur content of which does not exceed 0.005 per cent by weight, or is nil","Biodiesel","Biodiesel","6","","256"
"1955","United Kingdom","","","","Bioethanol, a liquid fuel consisting of ethanol produced from biomass and is capable of being used for the same purposes as light oil. The liquid does not include any substance that is gaseous at a temperature of 15C and under a pressure of 1013.25 millib","Bioethanol","Ethanol","5","","256"
"1957","Ukraine","1001100090","","HS2007","Wheat and meslin. - Durum wheat. -- Other.","(-) Durum wheat","Wheat","1","","254"
"1960","Ukraine","1001909900","","HS2007","Wheat and meslin. - Other. -- Other spelt: --- Other.","(-) Other spelt","Wheat","1","","254"
"2064","Ukraine","","","","Biodiesel","Biodiesel","Biodiesel","6","","254"
"2066","Ukraine","","","","Durum wheat (except for sowing); other wheat and meslin (except for sowing)","Durum wheat (except for sowing); other wheat and meslin (except for sowing)","Wheat","1","UKRR002","254"
"2067","Ukraine","","","","Ethanol","Ethanol","Ethanol","5","","254"
"2068","Ukraine","","","","Maize","Maize","Maize","3","UKRR001","254"
"2124","United States of America","","","","2nd generation biofuels (Ethanol). Second generation biofuel is defined as liquid fuel produced from any lignocellulosic or hemicellulosic matter that is available on a renewable basis or any cultivated algae, cyanobacteria, or lemna. To qualify, fuel mus","2nd generation biofuels (Ethanol)","Ethanol","5","","259"
"2125","United States of America","","","","2nd generation biofuels (Non-ethanol). Second generation biofuel is defined as liquid fuel produced from any lignocellulosic or hemicellulosic matter that is available on a renewable basis or any cultivated algae, cyanobacteria, or lemna. To qualify, fuel","2nd generation biofuels (Non-ethanol)","Biofuel (unspecified)","7","","259"
"2126","United States of America","","","","2nd generation biofuels. Second generation biofuel is defined as liquid fuel produced from any lignocellulosic or hemicellulosic matter that is available on a renewable basis or any cultivated algae, cyanobacteria, or lemna. To qualify, fuel must also mee","2nd generation biofuels","Biofuel (unspecified)","7","","259"
"2127","United States of America","","","","Advanced Biofuel, biofuels other than corn-based ethanol with GHG savings >50%","Advanced biofuels","Biofuel (unspecified)","7","","259"
"2129","United States of America","","","","Agriculturally derived, denatured ethanol","Ethanol","Ethanol","5","","259"
"2130","United States of America","","","","Biodiesel","Biodiesel","Biodiesel","6","","259"
"2131","United States of America","","","","Biodiesel is defined as fuel that is derived from vegetable oils or animal fats and conforms to ASTM D6751 specifications for use in diesel engines and results in employment at a manufacturing facility for biodiesel fuel.","Biodiesel","Biodiesel","6","","259"
"2132","United States of America","","","","Biodiesel means renewable, biodegradable, monoalkyl ester combustible liquid fuel that is derived from agricultural plant oils or animal fats and that meets ASTM  D6751 standard specification. Blended biodiesel contains at least 2% biodiesel.","Biodiesel","Biodiesel","6","","259"
"2133","United States of America","","","","Biodiesel or renewable diesel defined as a diesel fuel substitute produced from non-petroleum renewable sources, including vegetable oils and animal fats, meets the federal registration requirements for fuels and fuel additives and ASTM specification D975","Biodiesel","Biodiesel","6","","259"
"2134","United States of America","","","","Biodiesel that meets the requirements of ASTM specification D6751.","Biodiesel","Biodiesel","6","","259"
"2135","United States of America","","","","Biodiesel, B1 to B10","Biodiesel, B1 to B10","Biodiesel","6","","259"
"2136","United States of America","","","","Biodiesel, B100","Biodiesel, B100","Biodiesel","6","","259"
"2137","United States of America","","","","Biodiesel, B100. Biodiesel that meets the requirements of ASTM specification D6751.","Biodiesel, B100","Biodiesel","6","","259"
"2138","United States of America","","","","Biodiesel, B20","Biodiesel, B20","Biodiesel","6","","259"
"2139","United States of America","","","","Biodiesel, B5 and higher blends","Biodiesel, B5 and higher blends","Biodiesel","6","","259"
"2140","United States of America","","","","Biodiesel, B5 and higher blends. Biodiesel is defined as a fuel composed of mono-alkyl esters of long chain fatty acids derived from vegetable oils or animal fats and meets ASTM D6571 specification.","Biodiesel, B5 and higher blends","Biodiesel","6","","259"
"2141","United States of America","","","","Biodiesel, B>10","Biodiesel, B>10","Biodiesel","6","","259"
"2142","United States of America","","","","Biodiesel, fuel comprised of mono-alkyl esters of long chain fatty acids derived from renewable resources and meeting the requirements of ASTM specification D6751, or a diesel fuel substitute produced from non-petroleum renewable resources such as vegetab","Biodiesel","Biodiesel","6","","259"
"2143","United States of America","","","","Biodiesel, motor vehicle fuel derived from vegetable oil, animal fat, or other non-petroleum resources, that is designated as B100 and complies with ASTM specification D6751.","Biodiesel","Biodiesel","6","","259"
"2144","United States of America","","","","Biomass-based Biodiesel, biodiesel with GHG savings >50%","Biomass-based diesel","Biodiesel","6","","259"
"2145","United States of America","","","","Cellulosic Biofuel, lignocellulosic biofuel with GHG saving >60%","Cellulosic biofuel","Biofuel (unspecified)","7","","259"
"2146","United States of America","","","","Cellulosic biofuel includes fuel derived from cellulose, hemicellulose, or lignin derived from renewable biomass that yields at least a 60% reduction in lifecycle greenhouse gas (GHG) emissions relative to the average lifecycle GHG emissions for petroleum","Cellulosic biofuel","Biofuel (unspecified)","7","","259"
"2147","United States of America","","","","Cellulosic ethanol","Cellulosic ethanol","Ethanol","5","","259"
"2148","United States of America","","","","Cellulosic-based ethanol that meets ASTM specification D4806.","Cellulosic-based ethanol","Ethanol","5","","259"
"2149","United States of America","","","","Corn-based ethanol","Corn-based ethanol","Ethanol","5","","259"
"2150","United States of America","","","","Denatured ethanol.","Denatured ethanol","Ethanol","5","","259"
"2151","United States of America","","","","Ethanol","Ethanol","Ethanol","5","","259"
"2152","United States of America","","","","Ethanol denatured, 99% pure, distilled from cereal grains.","Ethanol","Ethanol","5","","259"
"2153","United States of America","","","","Ethanol is defined an ethyl alcohol that has a purity of at least 99%, exclusive of added denaturants; meets U.S. Bureau of Alcohol, Tobacco, Firearms, and Explosives and ASTM specification D4806.","Ethanol","Ethanol","5","","259"
"2154","United States of America","","","","Ethanol that meet ASTM specification D4806.","Ethanol","Ethanol","5","","259"
"2155","United States of America","","","","Ethanol, E10","Ethanol, E10","Ethanol","5","","259"
"2156","United States of America","","","","Ethanol, E15","Ethanol, E15","Ethanol","5","","259"
"2157","United States of America","","","","Ethanol, E15 or lower blends","Ethanol, E15 or lower blends","Ethanol","5","","259"
"2158","United States of America","","","","Ethanol, E70 and higher blends. Ethanol defined as denatured ethanol fuel that is suitable for use in a spark-ignition engine when mixed with gasoline and must meet ASTM D5798 specification.","Ethanol, E70 and higher blends","Ethanol","5","","259"
"2159","United States of America","","","","Ethanol, E70-E90","Ethanol, E70-E90","Ethanol","5","","259"
"2160","United States of America","","","","Ethanol, E85","Ethanol, E85","Ethanol","5","","259"
"2161","United States of America","","","","Ethanol, fuel that is derived from an agricultural source and that meets ASTM specification D4806.","Ethanol","Ethanol","5","","259"
"2162","United States of America","","","","Ethanol, specified as ethyl tertiary butyl ether.","Ethanol","Ethanol","5","","259"
"2163","United States of America","","","","Renewable diesel is defined as liquid fuel derived from biomass that meets EPA's fuel registration requirements and ASTM specifications D975 or D396; the definition of renewable diesel does not include any fuel derived from co-processing biomass with a fe","Renewable diesel","Biodiesel","6","","259"
"2164","United States of America","","","","Renewable diesel, diesel fuel that is derived predominantly from renewable biomass and yields at least a 50% reduction in lifecycle greenhouse gas (GHG) emissions relative to the average lifecycle GHG emissions for petroleum-based diesel fuel sold in 2005","Renewable diesel","Biodiesel","6","","259"
"2165","United States of America","","","","Renewable fuel, includes all types of biofuel","Renewable fuel","Biofuel (unspecified)","7","","259"
"2166","United States of America","","","","Rice","Rice","Rice","2","USAX003","259"
"2167","United States of America","","","","Vegetable oils","Vegetable oils","Soybeans","4","USAX004","259"
"2168","United States of America","","","","Wheat","Wheat","Wheat","1","USAX001","259"
"2247","Viet Nam","","","","Bio-fuel, traditional petrol mixed with a certain amount of ethanol","Ethanol","Ethanol","5","","264"
"2248","Viet Nam","","","","Ethanol","Ethanol","Ethanol","5","","264"
"2253","China","1001100001","","HS2007","Wheat and meslin. - Durum wheat.","(-) Durum wheat","Wheat","1","","53"
"2255","China","1001100090","","HS2007","Wheat and meslin. - Durum wheat.","(-) Durum wheat","Wheat","1","","53"
"2256","India","10011010","","HS2007","Durum wheat","(-) Durum wheat","Wheat","1","","115"
"2257","India","10011090","","HS2007","Durum wheat","(-) Durum wheat","Wheat","1","","115"
"2258","China","1001110001","","HS2012","Wheat and meslin. - Durum wheat : -- Seed(in-quota).","(-) Durum wheat seed","Wheat","1","","53"
"2259","China","1001110090","","HS2012","Wheat and meslin. - Durum wheat : -- Seed(out-quota).","(-) Durum wheat seed","Wheat","1","","53"
"2260","China","1001190001","","HS2012","Wheat and meslin. - Durum wheat : -- Other(in-quota).","(-) Durum wheat","Wheat","1","","53"
"2261","China","1001190090","","HS2012","Wheat and meslin. - Durum wheat : -- Other(out-quota).","(-) Durum wheat","Wheat","1","","53"
"2262","India","10019010","","HS2007","Spelt, common wheat and meslin","Wheat and meslin (-)","Wheat","1","","115"
"2263","China","1001901001","","HS2007","Wheat and meslin. - Other. -- Seed.","(-) Durum wheat seed","Wheat","1","","53"
"2264","China","1001901090","","HS2007","Wheat and meslin. - Other. -- Seed.","(-) Durum wheat seed","Wheat","1","","53"
"2265","India","10019020","","HS2007","Spelt, common wheat and meslin","Wheat and meslin (-)","Wheat","1","","115"
"2266","India","10019031","","HS2007","Spelt, common wheat and meslin","Wheat and meslin (-)","Wheat","1","","115"
"2267","India","10019039","","HS2007","Spelt, common wheat and meslin","Wheat and meslin (-)","Wheat","1","","115"
"2268","China","1001909001","","HS2007","Wheat and meslin. - Other. -- Other.","Wheat and meslin (-)","Wheat","1","","53"
"2269","China","1001909090","","HS2007","Wheat and meslin, other","Wheat and meslin (-)","Wheat","1","","53"
"2270","China","1001910001","","HS2012","Wheat and meslin. - Other : -- Seed(in-quota).","Wheat and meslin (-) Seed","Wheat","1","","53"
"2271","China","1001910090","","HS2012","Wheat and meslin. - Other : -- Seed(out-quota).","Wheat and meslin (-) Seed","Wheat","1","","53"
"2272","China","1001990001","","HS2012","Wheat and meslin. - Other : -- Other(in-quota).","Wheat and meslin (-)","Wheat","1","","53"
"2273","China","1001990090","","HS2012","Wheat and meslin. - Other : -- Other(out-quota).","Wheat and meslin (-)","Wheat","1","","53"
"2274","China","10051000","","HS2012","Maize (corn). - Seed.","Maize (corn) seed","Maize","3","","53"
"2275","China","1005100001","","HS2007","Maize (corn). - Seed.","Maize (corn) seed","Maize","3","","53"
"2276","China","1005100090","","HS2007","Maize (corn). - Seed.","Maize (corn) seed","Maize","3","","53"
"2277","Argentina","10059000","","HS2007","Maize (excl. seed)","Maize (corn) (excl. seed)","Maize","3","","12"
"2278","China","10059000","","HS2012","Maize (corn). - Other.","Maize (corn)","Maize","3","","53"
"2279","China","1005900001","","HS2007","Maize (corn). - Other.","Maize (corn)","Maize","3","","53"
"2280","China","1005900090","","HS2007","Maize (corn). - Other.","Maize (corn)","Maize","3","","53"
"2281","","1006","","HS2007","Rice","Rice","Rice","2","",""
"2284","China","10061011","","HS2012","Rice. - Rice in the husk (paddy or rough). --- Seed. ---- Long grain.","(-) Long grain rice in the husk (paddy or rough) seed","Rice","2","","53"
"2285","China","1006101101","","HS2007","Rice. - Rice in the husk (paddy or rough). --- Seed. ---- Long grain.","(-) Rice in the husk (paddy or rough). Shien rice seed","Rice","2","","53"
"2286","China","1006101190","","HS2007","Rice. - Rice in the husk (paddy or rough). --- Seed. ---- Long grain.","(-) Rice in the husk (paddy or rough). Shien rice seed","Rice","2","","53"
"2287","China","1006101901","","HS2007","Rice. - Rice in the husk (paddy or rough). --- Seed. ---- Other.","(-) Rice in the husk (paddy or rough). Seed","Rice","2","","53"
"2288","China","1006101990","","HS2007","Rice. - Rice in the husk (paddy or rough). --- Seed. ---- Other.","(-) Rice in the husk (paddy or rough). Seed","Rice","2","","53"
"2289","China","1006109101","","HS2007","Rice. - Rice in the husk (paddy or rough). --- Other. ---- Long grain.","(-) Rice in the husk (paddy or rough). Shien rice (long grain, non-glutinous rice)","Rice","2","","53"
"2290","China","1006109190","","HS2007","Rice. - Rice in the husk (paddy or rough). --- Other. ---- Long grain.","(-) Rice in the husk (paddy or rough). Shien rice (long grain, non-glutinous rice)","Rice","2","","53"
"2291","China","10061099","","HS2012","Rice. - Rice in the husk (paddy or rough). --- Other. ---- Other.","(-) Rice in the husk (paddy or rough) (-)","Rice","2","","53"
"2292","China","1006109901","","HS2007","Rice. - Rice in the husk (paddy or rough). --- Other. ---- Other.","(-) Rice in the husk (paddy or rough)","Rice","2","","53"
"2293","China","1006109990","","HS2007","Rice. - Rice in the husk (paddy or rough). --- Other. ---- Other.","(-) Rice in the husk (paddy or rough)","Rice","2","","53"
"2294","China","10062010","","HS2012","Rice. - Husked (brown) rice. --- Long grain.","(-) Husked (brown) rice. Long grain","Rice","2","","53"
"2295","China","1006201001","","HS2007","Rice. - Husked (brown) rice. --- Long grain.","(-) Husked (brown) rice. Shien rice (long grain, non-glutinous rice)","Rice","2","","53"
"2296","China","1006201090","","HS2007","Rice. - Husked (brown) rice. --- Long grain.","(-) Husked (brown) rice. Shien rice (long grain, non-glutinous rice)","Rice","2","","53"
"2297","China","10062090","","HS2012","Rice. - Husked (brown) rice. --- Other.","(-) Husked (brown) rice","Rice","2","","53"
"2298","China","1006209001","","HS2007","Rice. - Husked (brown) rice. --- Other.","(-) Husked (brown) rice","Rice","2","","53"
"2299","China","1006209090","","HS2007","Rice. - Husked (brown) rice. --- Other.","(-) Husked (brown) rice","Rice","2","","53"
"2300","China","10063010","","HS2012","Rice. - Semi-milled or wholly milled rice, whether or not polished or glazed. --- Long grain.","(-) Semi/wholly milled long grain rice","Rice","2","","53"
"2301","China","1006301001","","HS2007","Rice. - Semi-milled or wholly milled rice, whether or not polished or glazed.","(-) Semi/wholly milled Shien rice (long grain, non-glutinous rice)","Rice","2","","53"
"2302","China","1006301090","","HS2007","Rice. - Semi-milled or wholly milled rice, whether or not polished or glazed. --- Long grain.","(-) Semi/wholly milled Shien rice (long grain, non-glutinous rice)","Rice","2","","53"
"2303","China","10063090","","HS2012","Rice. - Semi-milled or wholly milled rice, whether or not polished or glazed. --- Other.","(-) Semi/wholly milled rice","Rice","2","","53"
"2304","China","1006309001","","HS2007","Rice. - Semi-milled or wholly milled rice, whether or not polished or glazed. --- Other.","(-) Semi/wholly milled Shien rice (long grain, non-glutinous rice)","Rice","2","","53"
"2305","China","1006309090","","HS2007","Rice. - Semi-milled or wholly milled rice, whether or not polished or glazed. --- Other.","(-) Semi/wholly milled Shien rice (long grain, non-glutinous rice)","Rice","2","","53"
"2306","China","10064010","","HS2012","Rice. - Broken rice. --- Long grain.","(-) Long grain broken rice","Rice","2","","53"
"2307","China","1006401001","","HS2007","Rice. - Broken rice. --- Long grain.","(-) Broken Shien (long grain, non-glutinous rice) rice","Rice","2","","53"
"2308","China","1006401090","","HS2007","Rice. - Broken rice. --- Long grain.","(-) Broken Shien (long grain, non-glutinous rice) rice","Rice","2","","53"
"2309","China","10064090","","HS2012","Rice. - Broken rice. --- Other.","(-) Broken rice","Rice","2","","53"
"2310","China","1006409001","","HS2007","Rice. - Broken rice. --- Other.","(-) Broken Shien (long grain, non-glutinous rice) rice","Rice","2","","53"
"2311","China","1006409090","","HS2007","Rice. - Broken rice. --- Other.","(-) Broken Shien (long grain, non-glutinous rice) rice","Rice","2","","53"
"2312","China","11010000","","HS2012","Wheat or meslin flour.","Wheat or meslin flour","Wheat","1","","53"
"2313","China","1101000001","","HS2007","Wheat or meslin flour.","Wheat or meslin flour","Wheat","1","","53"
"2314","China","1101000090","","HS2007","Wheat or meslin flour.","Wheat or meslin flour","Wheat","1","","53"
"2315","China","11022000","","HS2012","Cereal flours other than of wheat or meslin. - Maize (corn) flour.","(-) Maize (corn) flour","Maize","3","","53"
"2316","China","1102200001","","HS2007","Cereal flours other than of wheat or meslin. - Maize (corn) flour.","Maize (corn) flour","Maize","3","","53"
"2317","China","1102200090","","HS2007","Cereal flours other than of wheat or meslin. - Maize (corn) flour.","Maize (corn) flour","Maize","3","","53"
"2318","China","11029011","","HS2012","Cereal flours other than of wheat or meslin. - Other. - Other: -- Rice flour: --- Of long grain.","(-) Long grain rice flour","Rice","2","","53"
"2320","China","1102901101","","HS2007","Shien rice (long grain non-glutinous rice flour)","(-) Shien rice (long grain, non-glutinous rice) flour","Rice","2","","53"
"2322","China","1102901190","","HS2007","Shien rice (long grain non-glutinous rice flour)","(-) Shien rice (long grain, non-glutinous rice) flour","Rice","2","","53"
"2323","China","11029019","","HS2012","Cereal flours other than of wheat or meslin. - Other. - Other: -- Rice flour: --- Other.","(-) Rice flour","Rice","2","","53"
"2325","China","1102901901","","HS2007","Shien rice (long grain non-glutinous rice flour)","(-) Shien rice (long grain, non-glutinous rice) flour","Rice","2","","53"
"2327","China","1102901990","","HS2007","Shien rice (long grain non-glutinous rice flour)","(-) Shien rice (long grain, non-glutinous rice) flour","Rice","2","","53"
"2328","China","11029090","","HS2007","Cereal flours","(-) Other cereal flour","Rice","2","","53"
"2329","China","11031100","","HS2012","Cereal groats, meal and pellets. - Groats and meal : -- Of wheat.","(-) Groats and meal of wheat","Wheat","1","","53"
"2330","China","1103110001","","HS2007","Wheat groats and meal","(-) Groats and meal of wheat","Wheat","1","","53"
"2331","China","1103110090","","HS2007","Wheat groats and meal","(-) Groats and meal of wheat","Wheat","1","","53"
"2332","China","11031300","","HS2012","Cereal groats, meal and pellets. - Groats and meal : -- Of maize (corn).","(-) Groats and meal of maize (corn)","Maize","3","","53"
"2333","China","1103130001","","HS2007","Maize (corn) groats and meal","(-) Groats and meal of maize (corn)","Maize","3","","53"
"2334","China","1103130090","","HS2007","Maize (corn) groats and meal","(-) Groats and meal of maize (corn)","Maize","3","","53"
"2335","China","11031910","","HS2007","Shien rice (long grain non-glutinous rice) groats and meal","(-) Groats and meal of Shien rice (long grain, non-glutinous rice)","Rice","2","","53"
"2336","China","11031910","","HS2012","Shien rice (long grain non-glutinous rice) groats and meal","(-) Groats and meal of Shien rice (long grain, non-glutinous rice)","Rice","2","","53"
"2337","China","11031921","","HS2012","Cereal groats, meal and pellets. - Groats and meal : -- Of other cereals. --- Of rice: ---- Of long grain.","(-) Groats and meal of long grain rice","Rice","2","","53"
"2338","China","1103192101","","HS2007","Shien rice (long grain non-glutinous rice) groats and meal","(-) Groats and meal of Shien rice (long grain, non-glutinous rice)","Rice","2","","53"
"2339","China","1103192190","","HS2007","Shien rice (long grain non-glutinous rice) groats and meal","(-) Groats and meal of Shien rice (long grain, non-glutinous rice)","Rice","2","","53"
"2340","China","11031929","","HS2012","Cereal groats, meal and pellets. - Groats and meal : -- Of other cereals. --- Of rice: ---- Other.","(-) Groats and meal of rice","Rice","2","","53"
"2341","China","1103192901","","HS2007","Shien rice (long grain non-glutinous rice) groats and meal","(-) Groats and meal of Shien rice (long grain, non-glutinous rice)","Rice","2","","53"
"2342","China","1103192990","","HS2007","Shien rice (long grain non-glutinous rice) groats and meal","(-) Groats and meal of Shien rice (long grain, non-glutinous rice)","Rice","2","","53"
"2343","China","11031990","","HS2007","Shien rice (long grain non-glutinous rice) groats and meal","(-) Groats and meal of Shien rice (long grain, non-glutinous rice)","Rice","2","","53"
"2344","China","11041910","","HS2007","Rolled or flaked maize","(-) Rolled or flaked grains of maize (corn)","Maize","3","","53"
"2345","China","1104199010","","HS2007","Rolled or flaked maize","(-) Rolled or flaked grains of maize (corn)","Maize","3","","53"
"2346","China","11042300","","HS2012","Cereal grains otherwise worked (for example, hulled, rolled, flaked, pearled, sliced or kibbled), except rice of heading 10.06; germ of cereals, whole, rolled, flaked or ground. - Other worked grains (for example, hulled, pearled, sliced or kibbled): -- O","(-) Other worked grains (e.g. hulled, pearled, sliced or kibbled) of maize (corn)","Maize","3","","53"
"2347","China","1104230001","","HS2007","Maize (corn) otherwise worked","(-) Other worked grains (e.g. hulled, pearled, sliced or kibbled) of maize (corn)","Maize","3","","53"
"2348","China","1104230090","","HS2007","Maize (corn) otherwise worked","(-) Other worked grains (e.g. hulled, pearled, sliced or kibbled) of maize (corn)","Maize","3","","53"
"2349","China","11081200","","HS2012","Starches; inulin. - Starches : -- Maize (corn) starch.","(-) Starches of maize (corn)","Maize","3","","53"
"2350","China","1108120000","","HS2007","Starches; inulin. - Starches : -- Maize (corn) starch.","(-) Starches of maize (corn)","Maize","3","","53"
"2351","China","11081200001","","HS2007","Starches; inulin. - Starches : -- Maize (corn) starch.","(-) Starches of maize (corn)","Maize","3","","53"
"2352","China","11081200002","","HS2007","Starches; inulin. - Starches : -- Maize (corn) starch.","(-) Starches of maize (corn)","Maize","3","","53"
"2353","Argentina","12010401","","HS2007","Soya beans","Soya beans","Soybeans","4","","12"
"2354","Argentina","15070100","","HS2007","Crude soya-bean oil","(-) Crude oil of soya-bean","Soybeans","4","","12"
"2356","Argentina","15071000","","HS2007","Soya-bean oil and its fractions, whether or not refined, but not chemically modified. - Crude oil, whether or not degummed. -- No suministrada.","(-) Crude oil of soya-bean. No suministrada","Soybeans","4","","12"
"2357","Argentina","15071201","","HS2007","Crude maize (corn) oil","(-) Crude maize oil","Maize","3","","12"
"2358","Argentina","15079000","","HS2012","Soya-bean oil and its fractions, whether or not refined, but not chemically modified","(-) Other","Soybeans","4","","12"
"2359","Argentina","15079011","","HS2007","Soya-bean oil and its fractions, whether or not refined, but not chemically modified. - Other. -- Refinado. --- En envases con capacidad inferior o igual a 5 l.","Soya-bean oil and its fractions (-). Refinado, en envases con capacidad inferior o igual a 5 l","Soybeans","4","","12"
"2360","Argentina","15079019","","HS2007","Soya-bean oil and its fractions, whether or not refined, but not chemically modified. - Other. -- Other. --- Los demás.","Soya-bean oil and its fractions (-). Los demás","Soybeans","4","","12"
"2361","Argentina","15079090","","HS2007","Soya-bean oil and its fractions, whether or not refined, but not chemically modified. - Other. -- Other. --- Los demás.","Soya-bean oil and its fractions (-). Los demás","Soybeans","4","","12"
"2362","Argentina","19053100","","HS2007","Prepared foods obtained by the swelling or roasting of cereals or cereal products (for example, corn flakes); cereals (other than maize (corn)) in grain form or in the form of flakes or other worked grains (except flour, groats and meal), pre-cooked, or o","Pre-cooked or otherwise prepared grains, flakes or other worked grains - Bulgur wheat. - Galletitas dulces (elaboradas exclusivamente con harina de Trigo)","Wheat","1","","12"
"2363","Argentina","19059020","","HS2007","Prepared foods obtained by the swelling or roasting of cereals or cereal products (for example, corn flakes); cereals (other than maize (corn)) in grain form or in the form of flakes or other worked grains (except flour, groats and meal), pre-cooked, or o","Pre-cooked or otherwise prepared grains, flakes or other worked grains - Galletitas (elaboradas exclusivamente con harina de Trigo)","Wheat","1","","12"
"2364","Argentina","19059090","","HS2007","Prepared foods obtained by the swelling or roasting of cereals or cereal products (for example, corn flakes); cereals (other than maize (corn)) in grain form or in the form of flakes or other worked grains (except flour, groats and meal), pre-cooked, or o","Pre-cooked or otherwise prepared grains, flakes or other worked grains. Other","Wheat","1","","12"
"2365","Argentina","23020013","","HS2007","Brans, sharps and other residues of other cereals","Bran, sharps and other residues derived from the sifting, milling or other working of other cereals","Maize + Wheat","8","","12"
"2370","","220710","","HS2007","Undenatured ethyl alcohol of an alcoholic strength by volume of 80 % vol. or higher; ethyl alcohol and other spirits, denatured, of any strength - Undenatured ethyl alcohol of an alcoholic strength by volume of 80 % vol. or higher","Undenatured ethyl alcohol, of actual alcoholic strength of >= 80%","Ethanol","5","",""
"2371","","220710","","HS2012","Undenatured ethyl alcohol of an alcoholic strength by volume of 80 % vol. or higher; ethyl alcohol and other spirits, denatured, of any strength - Undenatured ethyl alcohol of an alcoholic strength by volume of 80 % vol. or higher","Undenatured ethyl alcohol, of actual alcoholic strength of >= 80%","Ethanol","5","",""
"2372","","220720","","HS2007","Undenatured ethyl alcohol of an alcoholic strength by volume of 80 % vol. or higher; ethyl alcohol and other spirits, denatured, of any strength - Ethyl alcohol and other spirits, denatured, of any strength","Denatured ethyl alcohol and other spirits of any strength","Ethanol","5","",""
"2373","","220720","","HS2012","Undenatured ethyl alcohol of an alcoholic strength by volume of 80 % vol. or higher; ethyl alcohol and other spirits, denatured, of any strength - Ethyl alcohol and other spirits, denatured, of any strength","Denatured ethyl alcohol and other spirits of any strength","Ethanol","5","",""
"2374","","382600","","HS2012","Biodiesel and mixtures thereof, not containing or containing less than 70 % by weight of petroleum oils or oils obtained from bituminous minerals","Biodiesel and mixtures thereof, not containing or containing < 70 % by weight of petroleum oils or oils obtained from bituminous minerals","Biodiesel","6","",""
"2375","Brazil","22071000","","HS2012","Undenatured ethyl alcohol of an alcoholic strength by volume of 80 % vol. or higher","Undenatured ethyl alcohol of an alcoholic strength of 80% vol or higher","Ethanol","5","","37"
"2376","Brazil","22072010","","HS2012","Ethyl alcohol and Other spirits, denatured, of any strength","Ethyl alcohol and other spirits, denatured, of any strength","Ethanol","5","","37"
"2377","China","2207100000","","HS2012","Undenatured ethyl alcohol of an alcoholic strength by volume of 80 % vol. or higher","Undenatured ethyl alcohol of an alcoholic strength of 80% vol or higher","Ethanol","5","","53"
"2378","China","2207200010","","HS2007","Ethyl alcohol and Other spirits, denatured, of any strength. Modified ethanol","(-) Modified ethanol","Ethanol","5","","53"
"2379","China","2207200090","","HS2007","Ethyl alcohol and Other spirits, denatured, of any strength. All other types of alcohol","Ethyl alcohol and other spirits, denatured, of any strength","Ethanol","5","","53"
"2380","China","3824901000","","HS2007","Prepared binders for foundry moulds or cores; chemical products and preparations of the chemical or allied industries (including those consisting of mixtures of natural products), not elsewhere specified or included- Other---fusel oil","(-) Fusel oil","Biodiesel","6","","53"
"2381","China","3824903000","","HS2007","Prepared binders for foundry moulds or cores; chemical products and preparations of the chemical or allied industries (including those consisting of mixtures of natural products), not elsewhere specified or included- Other---Carburetant","Prepared binders for foundry moulds or cores.(-) Carburetant","Biodiesel","6","","53"
"2382","China","22072000","","HS2012","Ethyl alcohol and Other spirits, denatured, of any strength","Ethyl alcohol and other spirits, denatured, of any strength","Ethanol","5","","53"
"2383","European Union","3824909110","","HS2007","Fatty-acid monoalkyl esters and/or paraffinic gasoils from synthesis and/or hydro-treatment, of non-fossil origin (commonly known as ?biodiesel?), whether in pure form or in a blend","Fatty-acid monoalkyl esters and/or paraffinic gasoils of non-fossil origin (commonly known as ?biodiesel?)","Biodiesel","6","","999000"
"2384","European Union","3824909701","","HS2007","Fatty-acid monoalkyl esters and/or paraffinic gasoils from synthesis and/or hydro-treatment, of non-fossil origin (commonly known as ?biodiesel?), whether in pure form or in a blend","Fatty-acid monoalkyl esters and/or paraffinic gasoils of non-fossil origin (commonly known as ?biodiesel?)","Biodiesel","6","","999000"
"2385","European Union","3826001000","","HS2012","Biodiesel and mixtures thereof, not containing or containing less than 70% by weight of petroleum oils or oils obtained from bituminous minerals","Biodiesel and mixtures thereof","Biodiesel","6","","999000"
"2386","European Union","3826009011","","HS2012","Biodiesel and mixtures thereof, not containing or containing less than 70 % by weight of petroleum oils or oils obtained from bituminous minerals - Other -- Blends containing by weight more than 20 % of fatty-acid mono-alkyl esters or of a mixture of fatt","(-) Blends containing by weight more than 20% of fatty-acid mono-alkyl esters or of a mixture of fatty-acid mono-alkyl esters and paraffinic gasoil obtained from synthesis and/or hydro-treatment, of non-fossil origin. From Canada","Biodiesel","6","","999000"
"2387","European Union","3826009019","","HS2012","Biodiesel and mixtures thereof, not containing or containing less than 70 % by weight of petroleum oils or oils obtained from bituminous minerals - Other -- Blends containing by weight more than 20 % of fatty-acid mono-alkyl esters or of a mixture of fatt","(-) Blends containing by weight more than 20% of fatty-acid mono-alkyl esters or of a mixture of fatty-acid mono-alkyl esters and paraffinic gasoil obtained from synthesis and/or hydro-treatment, of non-fossil origin","Biodiesel","6","","999000"
"2388","European Union","3826009030","","HS2012","Biodiesel and mixtures thereof, not containing or containing less than 70 % by weight of petroleum oils or oils obtained from bituminous minerals - Other -- Blends containing by weight more than 20 % of fatty-acid mono-alkyl esters or of a mixture of fatt","(-) Blends containing by weight 20% or less of fatty-acid mono-alkyl esters or of a mixture of fatty-acid mono-alkyl esters and paraffinic gasoil obtained from synthesis and/or hydro-treatment, of non-fossil origin","Biodiesel","6","","999000"
"2389","France","22071000","","HS2012","Undenatured ethyl alcohol of an alcoholic strength by volume of 80 % vol. or higher","Undenatured ethyl alcohol of an alcoholic strength of 80% vol or higher","Ethanol","5","","85"
"2390","France","22072000","","HS2012","Ethyl alcohol and Other spirits, denatured, of any strength","Ethyl alcohol and other spirits, denatured, of any strength","Ethanol","5","","85"
"2391","France","38260010","","HS2012","Biodiesel and mixtures thereof, not containing or containing less than 70 % by weight of petroleum oils or oils obtained from bituminous minerals - Fatty-acid mono-alkyl esters, containing by volume 96,5 % or more of esters (FAMAE)","(-) Fatty-acid mono-alkyl esters, containing by volume 96,5% or more of esters (FAMAE)","Biodiesel","6","","85"
"2392","Russian Federation","","","","Alcohol produced from food raw materials, excluding denatured ethyl alcohol","Ethanol","Ethanol","5","","204"
"2393","China","","","","Second generation cellulosic ethanol","Second generation cellulosic ethanol","Ethanol","5","","53"
"2394","China","","","","Fuel ethanol based on non-grain feedstocks","Non-grain based ethanol","Ethanol","5","","53"
"2395","Argentina","","","","Cane-based ethanol","Cane-based ethanol","Ethanol","5","","12"
"2397","China","3826000000","","HS2012","Biodiesel and mixtures thereof, not containing or containing less than 70 % by weight of petroleum oils or oils obtained from bituminous minerals","Biodiesel and mixtures thereof","Biodiesel","6","","53"
"2398","Argentina","","","","Corn-based ethanol","Corn-based ethanol","Ethanol","5","","12"
"2399","China","38260000","","HS2012","Biodiesel and mixtures thereof, not containing or containing less than 70 % by weight of petroleum oils or oils obtained from bituminous minerals","Biodiesel and mixtures thereof","Biodiesel","6","","53"
"2400","Nigeria","","","","Biodiesel","Biodiesel","Biodiesel","6","","182"
"2401","Germany","","","","Cellulosic ethanol","Cellulosic ethanol","Ethanol","5","","93"
"2402","Russian Federation","","","","Alcohol produced from non-food raw materials, excluding denatured ethyl alcohol","Ethanol","Ethanol","5","","204"
"2403","China","1103201001","","HS2007","Wheat pellets.","Wheat pellets","Maize + Wheat","8","","53"
"2404","China","1103201090","","HS2007","Wheat pellets.","Wheat pellets","Maize + Wheat","8","","53"
"2405","","1001","","HS2007","Wheat and meslin","Wheat and meslin","Wheat","1","",""
"2406","","1001","","HS2012","Wheat and meslin","Wheat and meslin","Wheat","1","",""
"2407","","1005","","HS2007","Maize (corn)","Maize or corn","Maize","3","",""
"2408","","1005","","HS2012","Maize (corn)","Maize or corn","Maize","3","",""
"2409","","1006","","HS2012","Rice","Rice","Rice","2","",""
"2410","","1101","","HS2007","Wheat or meslin flour","Wheat or meslin flour","Wheat","1","",""
"2411","","1101","","HS2012","Wheat or meslin flour","Wheat or meslin flour","Wheat","1","",""
"2412","","1102","","HS2007","Cereal flours other than of wheat or meslin","Cereal flours (excl. wheat or meslin)","Maize + Rice","9","",""
"2413","","1102","","HS2012","Cereal flours other than of wheat or meslin","Cereal flours (excl. wheat or meslin)","Maize + Rice","9","",""
"2414","","1103","","HS2007","Cereal groats, meal and pellets","Cereal groats, meal and pellets","Maize + Rice + Wheat","11","",""
"2415","","1103","","HS2012","Cereal groats, meal and pellets","Cereal groats, meal and pellets","Maize + Rice + Wheat","11","",""
"2416","","1104","","HS2007","Cereal grains otherwise worked (for example, hulled, rolled, flaked, pearled, sliced or kibbled), except rice of heading 1006; germ of cereals, whole, rolled, flaked or ground","Cereal grains otherwise worked, e.g. hulled, rolled, flaked, pearled, sliced or kibbled; germ of cereals, whole, rolled, flaked or ground (excl. cereal flours, and husked and semi- or wholly milled rice and broken rice)","Maize + Rice + Wheat","11","",""
"2417","","1104","","HS2012","Cereal grains otherwise worked (for example, hulled, rolled, flaked, pearled, sliced or kibbled), except rice of heading 1006; germ of cereals, whole, rolled, flaked or ground","Cereal grains otherwise worked, e.g. hulled, rolled, flaked, pearled, sliced or kibbled; germ of cereals, whole, rolled, flaked or ground (excl. cereal flours, and husked and semi- or wholly milled rice and broken rice)","Maize + Rice + Wheat","11","",""
"2418","","1108","","HS2007","Starches; inulin","Starches; inulin","Maize + Rice + Wheat","11","",""
"2419","","1108","","HS2012","Starches; inulin","Starches; inulin","Maize + Rice + Wheat","11","",""
"2420","","1109","","HS2007","Wheat gluten, whether or not dried","Wheat gluten, whether or not dried","Wheat","1","",""
"2421","","1109","","HS2012","Wheat gluten, whether or not dried","Wheat gluten, whether or not dried","Wheat","1","",""
"2422","","1201","","HS2007","Soya beans, whether or not broken","Soya beans, whether or not broken","Soybeans","4","",""
"2423","","1201","","HS2012","Soya beans, whether or not broken","Soya beans, whether or not broken","Soybeans","4","",""
"2424","","1208","","HS2007","Flours and meals of oil seeds or oleaginous fruits, other than those of mustard","Flours and meals of oil seeds or oleaginous fruits (excl. mustard)","Soybeans","4","",""
"2425","","1208","","HS2012","Flours and meals of oil seeds or oleaginous fruits, other than those of mustard","Flours and meals of oil seeds or oleaginous fruits (excl. mustard)","Soybeans","4","",""
"2426","","1507","","HS2007","Soya-bean oil and its fractions, whether or not refined, but not chemically modified","Soya-bean oil and its fractions, whether or not refined (excl. chemically modified)","Soybeans","4","",""
"2427","","1507","","HS2012","Soya-bean oil and its fractions, whether or not refined, but not chemically modified","Soya-bean oil and its fractions, whether or not refined (excl. chemically modified)","Soybeans","4","",""
"2428","","1515","","HS2007","Other fixed vegetable fats and oils (including jojoba oil) and their fractions, whether or not refined, but not chemically modified","Fixed vegetable fats and oils, incl. jojoba oil, and their fractions, whether or not refined, but not chemically modified","Maize + Rice","9","",""
"2429","","1515","","HS2012","Other fixed vegetable fats and oils (including jojoba oil) and their fractions, whether or not refined, but not chemically modified","Fixed vegetable fats and oils, incl. jojoba oil, and their fractions, whether or not refined, but not chemically modified","Maize + Rice","9","",""
"2430","","1904","","HS2007","Prepared foods obtained by the swelling or roasting of cereals or cereal products; cereals (other than maize (corn)) in grain form or in the form of flakes or other worked grains (except flour, groats and meal), pre-cooked, or otherwise prepared, not else","Prepared foods obtained by the swelling or roasting of cereals or cereal products","Maize + Rice + Wheat","11","",""
"2431","","1904","","HS2012","Prepared foods obtained by the swelling or roasting of cereals or cereal products; cereals (other than maize (corn)) in grain form or in the form of flakes or other worked grains (except flour, groats and meal), pre-cooked, or otherwise prepared, not else","Prepared foods obtained by the swelling or roasting of cereals or cereal products","Maize + Rice + Wheat","11","",""
"2432","","2207","","HS2007","Undenatured ethyl alcohol of an alcoholic strength by volume of 80% vol. or higher; ethyl alcohol and other spirits, denatured, of any strength","Undenatured ethyl alcohol of an alcoholic strength by volume of 80% vol. or higher; ethyl alcohol and other spirits, denatured, of any strength","Ethanol","5","",""
"2433","","2207","","HS2012","Undenatured ethyl alcohol of an alcoholic strength by volume of 80% vol. or higher; ethyl alcohol and other spirits, denatured, of any strength","Undenatured ethyl alcohol of an alcoholic strength by volume of 80% vol. or higher; ethyl alcohol and other spirits, denatured, of any strength","Ethanol","5","",""
"2434","","2302","","HS2007","Bran, sharps and other residues, whether or not in the form of pellets, derived from the sifting, milling or other working of cereals or of leguminous plants","Bran, sharps and other residues, whether or not in the form of pellets, derived from the sifting, milling or other working of cereals or of leguminous plants","Maize + Rice + Wheat","11","",""
"2435","","2302","","HS2012","Bran, sharps and other residues, whether or not in the form of pellets, derived from the sifting, milling or other working of cereals or of leguminous plants","Bran, sharps and other residues, whether or not in the form of pellets, derived from the sifting, milling or other working of cereals or of leguminous plants","Maize + Rice + Wheat","11","",""
"2436","","2304","","HS2007","Oil-cake and other solid residues, whether or not ground or in the form of pellets, resulting from the extraction of soyabean oil","Oil-cake and other solid residues, whether or not ground or in the form of pellets, resulting from the extraction of soyabean oil","Soybeans","4","",""
"2437","","2304","","HS2012","Oil-cake and other solid residues, whether or not ground or in the form of pellets, resulting from the extraction of soyabean oil","Oilcake and other solid residues, whether or not ground or in the form of pellets, resulting from the extraction of soya-bean oil","Soybeans","4","",""
"2438","","3824","","HS2007","Prepared binders for foundry moulds or cores; chemical products and preparations of the chemical or allied industries (including those consisting of mixtures of natural products), not elsewhere specified or included","Prepared binders for foundry moulds or cores; chemical products and preparations of the chemical or allied industries (including those consisting of mixtures of natural products), not elsewhere specified or included","Biodiesel","6","",""
"2439","","3826","","HS2012","Biodiesel and mixtures thereof, not containing or containing less than 70 % by weight of petroleum oils or oils obtained from bituminous minerals","Biodiesel and mixtures thereof, not containing or containing less than 70 % by weight of petroleum oils or oils obtained from bituminous minerals","Biodiesel","6","",""
"2440","","100510","","HS2007","Maize (corn). - Seed.","Maize seed","Maize","3","",""
"2441","","100590","","HS2007","Maize (corn). - Other.","Maize (excl. seed)","Maize","3","",""
"2442","","100610","","HS2007","Rice. - Rice in the husk (paddy or rough).","Rice in the husk, paddy or rough","Rice","2","",""
"2443","","100620","","HS2007","Rice. - Husked (brown) rice.","Husked or brown rice","Rice","2","",""
"2444","","100630","","HS2007","Rice. - Semi-milled or wholly milled rice, whether or not polished or glazed.","Semi-milled or wholly milled rice, whether or not polished or glazed","Rice","2","",""
"2445","","100640","","HS2007","Rice. - Broken rice.","Broken rice","Rice","2","",""
"2446","","110220","","HS2007","Cereal flours other than of wheat or meslin. - Maize (corn) flour.","Maize (corn) flour","Maize","3","",""
"2447","","110290","","HS2007","Cereal flours other than of wheat or meslin. - Other.","Cereal flours (excl. wheat, meslin, rye and maize)","Rice","2","",""
"2448","","110311","","HS2007","Cereal groats, meal and pellets. - Groats and meal : -- Of wheat.","Groats and meal of wheat","Wheat","1","",""
"2449","","110313","","HS2007","Cereal groats, meal and pellets. - Groats and meal : -- Of maize (corn).","Groats and meal of maize (corn)","Maize","3","",""
"2450","","110319","","HS2007","Cereal groats, meal and pellets. - Groats and meal : -- Of other cereals.","Groats and meal of cereals (excl. wheat and maize)","Rice","2","",""
"2451","","110419","","HS2007","Cereal grains otherwise worked (for example, hulled, rolled, flaked, pearled, sliced or kibbled), except rice of heading 10.06; germ of cereals, whole, rolled, flaked or ground. - Rolled or flaked grains: -- Of other cereals.","Rolled or flaked grains of cereals (excl. barley and oats)","Maize + Rice + Wheat","11","",""
"2452","","110423","","HS2007","Cereal grains otherwise worked (for example, hulled, rolled, flaked, pearled, sliced or kibbled), except rice of heading 10.06; germ of cereals, whole, rolled, flaked or ground. - Other worked grains (for example, hulled, pearled, sliced or kibbled): -- O","Hulled, pearled, sliced, kibbled or otherwise worked maize grains (excl. maize flour)","Maize","3","",""
"2453","","110429","","HS2007","Cereal grains otherwise worked (for example, hulled, rolled, flaked, pearled, sliced or kibbled), except rice of heading 10.06; germ of cereals, whole, rolled, flaked or ground. - Other worked grains (for example, hulled, pearled, sliced or kibbled): -- O","Grains of cereals, hulled, pearled, sliced, kibbled or otherwise worked (excl. oats and maize, grain flour and husked and semi- or wholly milled rice and broken rice)","Rice + Wheat","12","",""
"2454","","110430","","HS2007","Cereal grains otherwise worked (for example, hulled, rolled, flaked, pearled, sliced or kibbled), except rice of heading 10.06; germ of cereals, whole, rolled, flaked or ground. - Germ of cereals, whole, rolled, flaked or ground.","Germ of cereals, whole, rolled, flaked or ground","Maize + Rice + Wheat","11","",""
"2455","","110811","","HS2007","Starches; inulin. - Starches : -- Wheat starch.","Wheat starch","Wheat","1","",""
"2456","","110812","","HS2007","Starches; inulin. - Starches : -- Maize (corn) starch.","Maize starch","Maize","3","",""
"2457","","110819","","HS2007","Starches; inulin. - Starches : -- Other starches.","Starch (excl. wheat, maize, potato and manioc)","Rice","2","",""
"2458","","110900","","HS2007","Wheat gluten, whether or not dried","Wheat gluten, whether or not dried","Wheat","1","",""
"2459","","110900","","HS2012","Wheat gluten, whether or not dried","Wheat gluten, whether or not dried","Wheat","1","",""
"2460","","120100","","HS2007","Soya beans, whether or not broken.","Soya beans, whether or not broken","Soybeans","4","",""
"2461","","120810","","HS2007","Flours and meals of oil seeds or oleaginous fruits, other than those of mustard. - Of soya beans.","Soya bean flour and meal","Soybeans","4","",""
"2462","","150710","","HS2007","Soya-bean oil and its fractions, whether or not refined, but not chemically modified. - Crude oil, whether or not degummed.","Crude soya-bean oil, whether or not degummed","Soybeans","4","",""
"2463","","150790","","HS2007","Soya-bean oil and its fractions, whether or not refined, but not chemically modified. - Other.","Soya-bean oil and its fractions, whether or not refined (excl. chemically modified and crude)","Soybeans","4","",""
"2464","","151521","","HS2007","Other fixed vegetable fats and oils (including jojoba oil) and their fractions, whether or not refined, but not chemically modified. - Maize (corn) oil and its fractions : -- Crude oil.","Crude maize oil","Maize","3","",""
"2465","","151529","","HS2007","Other fixed vegetable fats and oils (including jojoba oil) and their fractions, whether or not refined, but not chemically modified. - Maize (corn) oil and its fractions : -- Other.","Maize oil and fractions thereof, whether or not refined, but not chemically modified (excl. crude)","Maize","3","",""
"2466","","151590","","HS2007","Other fixed vegetable fats and oils (including jojoba oil) and their fractions, whether or not refined, but not chemically modified. - Other.","Fixed vegetable fats and oils and their fractions, whether or not refined, but not chemically modified","Rice","2","",""
"2467","","190410","","HS2007","Prepared foods obtained by the swelling or roasting of cereals or cereal products (for example, corn flakes); cereals (other than maize (corn)) in grain form or in the form of flakes or other worked grains (except flour, groats and meal), pre-cooked, or o","Prepared foods obtained by swelling or roasting cereals or cereal products, e.g. corn flakes","Maize + Rice + Wheat","11","",""
"2468","","190420","","HS2007","Prepared foods obtained by the swelling or roasting of cereals or cereal products (for example, corn flakes); cereals (other than maize (corn)) in grain form or in the form of flakes or other worked grains (except flour, groats and meal), pre-cooked, or o","Prepared foods obtained from unroasted cereal flakes or from mixtures of unroasted cereal flakes and roasted cereal flakes or swelled cereals","Maize + Rice + Wheat","11","",""
"2469","","190430","","HS2007","Prepared foods obtained by the swelling or roasting of cereals or cereal products (for example, corn flakes); cereals (other than maize (corn)) in grain form or in the form of flakes or other worked grains (except flour, groats and meal), pre-cooked, or o","Bulgur wheat in the form of worked grains, obtained by cooking hard wheat grains","Wheat","1","",""
"2470","","190490","","HS2007","Prepared foods obtained by the swelling or roasting of cereals or cereal products (for example, corn flakes); cereals (other than maize (corn)) in grain form or in the form of flakes or other worked grains (except flour, groats and meal), pre-cooked, or o","Cereals (excl. maize [corn]) in grain or flake form or other worked grains, pre-cooked or otherwise prepared","Maize + Rice + Wheat","11","",""
"2471","","230210","","HS2007","Bran, sharps and other residues, whether or not in the form of pellets, derived from the sifting, milling or other working of cereals or of leguminous plants. - Of maize (corn).","Bran, sharps and other residues of maize (corn), whether or not in the form of pellets, derived from sifting, milling or other working","Maize","3","",""
"2472","","230230","","HS2007","Bran, sharps and other residues, whether or not in the form of pellets, derived from the sifting, milling or other working of cereals or of leguminous plants. - Of wheat.","Bran, sharps and other residues of wheat, whether or not in the form of pellets, derived from sifting, milling or other working","Wheat","1","",""
"2473","","230240","","HS2007","Bran, sharps and other residues, whether or not in the form of pellets, derived from the sifting, milling or other working of cereals or of leguminous plants. - Of other cereals.","Bran, sharps and other residues of cereals, whether or not in the form of pellets, derived from sifting, milling or other working (excl. maize and wheat)","Rice","2","",""
"2474","","230400","","HS2007","Oil-cake and other solid residues, whether or not ground or in the form of pellets, resulting from the extraction of soyabean oil.","Oilcake and other solid residues, whether or not ground or in the form of pellets, resulting from the extraction of soya-bean oil","Soybeans","4","",""
"2475","","382490","","HS2007","Prepared binders for foundry moulds or cores; chemical products and preparations of the chemical or allied industries (including those consisting of mixtures of natural products), not elsewhere specified or included - Other","Prepared binders for foundry moulds or cores; chemical products and preparations of the chemical or allied industries (including those consisting of mixtures of natural products), not elsewhere specified or included - Other","Biodiesel","6","",""
