commodity_id,country_name,hs_code,hs_suffix,hs_version,description,short_description,commodityclass_name,commodityclass_code,shared_group_code,country_code
"1","","100110","","HS2007","Wheat and meslin. - Durum wheat.","Durum wheat","Wheat","1","",""
"2","","100111","","HS2012","Wheat and meslin. - Durum wheat : -- Seed.","Durum wheat seed for sowing","Wheat","1","",""
"3","","100119","","HS2012","Wheat and meslin. - Durum wheat : -- Other.","Durum wheat (excl. seed for sowing)","Wheat","1","",""
"4","","100190","","HS2007","Wheat and meslin. - Other.","Wheat and meslin (excl. durum wheat)","Wheat","1","",""
"5","","100191","","HS2012","Wheat and meslin. - Other : -- Seed.","Seed of wheat and meslin, for sowing (excl. durum)","Wheat","1","",""
"6","","100199","","HS2012","Wheat and meslin. - Other : -- Other.","Wheat and meslin (excl. seed for sowing, and durum wheat)","Wheat","1","",""
"8","","100510","","HS2012","Maize (corn). - Seed.","Maize seed for sowing","Maize","3","",""
"10","","100590","","HS2012","Maize (corn). - Other.","Maize (excl. seed for sowing)","Maize","3","",""
"14","","100610","","HS2012","Rice. - Rice in the husk (paddy or rough).","Rice in the husk, paddy or rough","Rice","2","",""
"16","","100620","","HS2012","Rice. - Husked (brown) rice.","Husked or brown rice","Rice","2","",""
"18","","100630","","HS2012","Rice. - Semi-milled or wholly milled rice, whether or not polished or glazed.","Semi-milled or wholly milled rice, whether or not polished or glazed","Rice","2","",""
"20","","100640","","HS2012","Rice. - Broken rice.","Broken rice","Rice","2","",""
"21","","110100","","HS2007","Wheat or meslin flour.","Wheat or meslin flour","Wheat","1","",""
"22","","110100","","HS2012","Wheat or meslin flour.","Wheat or meslin flour","Wheat","1","",""
"24","","110220","","HS2012","Cereal flours other than of wheat or meslin. - Maize (corn) flour.","Maize (corn) flour","Maize","3","",""
"26","","110290","","HS2012","Cereal flours other than of wheat or meslin. - Other.","Cereal flours (excl. wheat, meslin and maize)","Rice","2","",""
"28","","110311","","HS2012","Cereal groats, meal and pellets. - Groats and meal : -- Of wheat.","Groats and meal of wheat","Wheat","1","",""
"30","","110313","","HS2012","Cereal groats, meal and pellets. - Groats and meal : -- Of maize (corn).","Groats and meal of maize (corn)","Maize","3","",""
"31","","110319","","HS2012","Cereal groats, meal and pellets. - Groats and meal : -- Of other cereals.","Groats and meal of cereals (excl. wheat and maize)","Rice","2","",""
"33","","110419","","HS2012","Cereal grains otherwise worked (for example, hulled, rolled, flaked, pearled, sliced or kibbled), except rice of heading 10.06; germ of cereals, whole, rolled, flaked or ground. - Rolled or flaked grains: -- Of other cereals.","Rolled or flaked grains of cereals (excl. oats)","Maize + Rice + Wheat","11","",""
"35","","110423","","HS2012","Cereal grains otherwise worked (for example, hulled, rolled, flaked, pearled, sliced or kibbled), except rice of heading 10.06; germ of cereals, whole, rolled, flaked or ground. - Other worked grains (for example, hulled, pearled, sliced or kibbled): -- O","Hulled, pearled, sliced, kibbled or otherwise worked maize grains (excl. rolled, flaked, pellets and flour)","Maize","3","",""
"37","","110429","","HS2012","Cereal grains otherwise worked (for example, hulled, rolled, flaked, pearled, sliced or kibbled), except rice of heading 10.06; germ of cereals, whole, rolled, flaked or ground. - Other worked grains (for example, hulled, pearled, sliced or kibbled): -- O","Grains of cereals, hulled, pearled, sliced, kibbled or otherwise worked (excl. rolled, flaked, flour, pellets, and oats and maize, and husked and semi- or wholly milled rice and broken rice)","Rice + Wheat","12","",""
"39","","110430","","HS2012","Cereal grains otherwise worked (for example, hulled, rolled, flaked, pearled, sliced or kibbled), except rice of heading 10.06; germ of cereals, whole, rolled, flaked or ground. - Germ of cereals, whole, rolled, flaked or ground.","Germ of cereals, whole, rolled, flaked or ground","Maize + Rice + Wheat","11","",""
"41","","110811","","HS2012","Starches; inulin. - Starches : -- Wheat starch.","Wheat starch","Wheat","1","",""
"43","","110812","","HS2012","Starches; inulin. - Starches : -- Maize (corn) starch.","Maize starch","Maize","3","",""
"45","","110819","","HS2012","Starches; inulin. - Starches : -- Other starches.","Starch (excl. wheat, maize, potato and manioc)","Rice","2","",""
"49","","120110","","HS2012","Soya beans, whether or not broken. - Seed.","Soya bean seed, for sowing","Soybeans","4","",""
"50","","120190","","HS2012","Soya beans, whether or not broken. - Other.","Soya beans, whether or not broken (excl. seed for sowing)","Soybeans","4","",""
"52","","120810","","HS2012","Flours and meals of oil seeds or oleaginous fruits, other than those of mustard. - Of soya beans.","Soya bean flour and meal","Soybeans","4","",""
"54","","150710","","HS2012","Soya-bean oil and its fractions, whether or not refined, but not chemically modified. - Crude oil, whether or not degummed.","Crude soya-bean oil, whether or not degummed","Soybeans","4","",""
"56","","150790","","HS2012","Soya-bean oil and its fractions, whether or not refined, but not chemically modified. - Other.","Soya-bean oil and its fractions, whether or not refined (excl. chemically modified and crude)","Soybeans","4","",""
"58","","151521","","HS2012","Other fixed vegetable fats and oils (including jojoba oil) and their fractions, whether or not refined, but not chemically modified. - Maize (corn) oil and its fractions : -- Crude oil.","Crude maize oil","Maize","3","",""
"60","","151529","","HS2012","Other fixed vegetable fats and oils (including jojoba oil) and their fractions, whether or not refined, but not chemically modified. - Maize (corn) oil and its fractions : -- Other.","Maize oil and fractions thereof, whether or not refined, but not chemically modified (excl. crude)","Maize","3","",""
"61","","151590","","HS2012","Other fixed vegetable fats and oils (including jojoba oil) and their fractions, whether or not refined, but not chemically modified. - Other.","Fixed vegetable fats and oils and their fractions, whether or not refined, but not chemically modified","Rice","2","",""
"63","","190410","","HS2012","Prepared foods obtained by the swelling or roasting of cereals or cereal products (for example, corn flakes); cereals (other than maize (corn)) in grain form or in the form of flakes or other worked grains (except flour, groats and meal), pre-cooked, or o","Prepared foods obtained by swelling or roasting cereals or cereal products, e.g. corn flakes","Maize + Rice + Wheat","11","",""
"65","","190420","","HS2012","Prepared foods obtained by the swelling or roasting of cereals or cereal products (for example, corn flakes); cereals (other than maize (corn)) in grain form or in the form of flakes or other worked grains (except flour, groats and meal), pre-cooked, or o","Prepared foods obtained from unroasted cereal flakes or from mixtures of unroasted cereal flakes and roasted cereal flakes or swelled cereals","Maize + Rice + Wheat","11","",""
"67","","190430","","HS2012","Prepared foods obtained by the swelling or roasting of cereals or cereal products (for example, corn flakes); cereals (other than maize (corn)) in grain form or in the form of flakes or other worked grains (except flour, groats and meal), pre-cooked, or o","Bulgur wheat in the form of worked grains, obtained by cooking hard wheat grains","Wheat","1","",""
"69","","190490","","HS2012","Prepared foods obtained by the swelling or roasting of cereals or cereal products (for example, corn flakes); cereals (other than maize (corn)) in grain form or in the form of flakes or other worked grains (except flour, groats and meal), pre-cooked, or o","Cereals (excl. maize [corn]) in grain or flake form or other worked grains, pre-cooked or otherwise prepared","Maize + Rice + Wheat","11","",""
"72","","230210","","HS2012","Bran, sharps and other residues, whether or not in the form of pellets, derived from the sifting, milling or other working of cereals or of leguminous plants. - Of maize (corn).","Bran, sharps and other residues of maize (corn), whether or not in the form of pellets, derived from sifting, milling or other working","Maize","3","",""
"74","","230230","","HS2012","Bran, sharps and other residues, whether or not in the form of pellets, derived from the sifting, milling or other working of cereals or of leguminous plants. - Of wheat.","Bran, sharps and other residues of wheat, whether or not in the form of pellets, derived from sifting, milling or other working","Wheat","1","",""
"75","","230240","","HS2012","Bran, sharps and other residues, whether or not in the form of pellets, derived from the sifting, milling or other working of cereals or of leguminous plants. - Of other cereals.","Bran, sharps and other residues of cereals, whether or not in the form of pellets, derived from sifting, milling or other working (excl. maize and wheat)","Rice","2","",""
"77","","230400","","HS2012","Oil-cake and other solid residues, whether or not ground or in the form of pellets, resulting from the extraction of soyabean oil.","Oilcake and other solid residues, whether or not ground or in the form of pellets, resulting from the extraction of soya-bean oil","Soybeans","4","",""
"89","Argentina","10011010","","HS2007","Wheat and meslin. - Durum wheat. -- Para siembra.","(-) Durum wheat. Para siembra","Wheat","1","","12"
"90","Argentina","10011090","","HS2007","Wheat and meslin. - Durum wheat. -- No suministrada.","(-) Durum wheat. No suministrada","Wheat","1","","12"
"91","Argentina","10019000","","HS2007","Wheat and meslin. - Other","Wheat and meslin (-)","Wheat","1","","12"
"92","Argentina","10019010","","HS2007","Wheat and meslin. - Other. -- Para siembra.","Wheat and meslin (-). Para siembra","Wheat","1","","12"
"93","Argentina","10019090","","HS2007","Wheat and meslin. - Other. -- No suministrada.","Wheat and meslin (-) No suministrada","Wheat","1","","12"
"94","Argentina","10051000","","HS2007","Maize (corn). - Seed.","Maize (corn) seed","Maize","3","","12"
"96","Argentina","10059010","","HS2007","Maize (corn). - Other. -- En grano.","Maize (corn) (-) En grano","Maize","3","","12"
"97","Argentina","10059090","","HS2007","Maize (corn). - Other. -- Los demás.","Maize (corn) (-) Los demás","Maize","3","","12"
"98","Argentina","10061010","","HS2007","Rice. - Rice in the husk (paddy or rough). -- Para siembra.","(-) Rice in the husk (paddy or rough). Para siembra","Rice","2","","12"
"99","Argentina","10061091","","HS2007","Rice. - Rice in the husk (paddy or rough). -- Los demás. --- Parboilizado.","(-) Rice in the husk (paddy or rough) for sowing (-) Parboilizado","Rice","2","","12"
"100","Argentina","10061092","","HS2007","Rice. - Rice in the husk (paddy or rough). -- Los demás. --- No parboilizado.","(-) Rice in the husk (paddy or rough) for sowing (-) No parboilizado","Rice","2","","12"
"101","Argentina","10062010","","HS2007","Rice. - Husked (brown) rice. -- Parboilizado.","(-) Husked (brown) rice. Parboilizado","Rice","2","","12"
"102","Argentina","10062020","","HS2007","Rice. - Husked (brown) rice. -- No parboilizado.","(-) Husked (brown) rice. No parboilizado","Rice","2","","12"
"103","Argentina","10063011","","HS2007","Rice. - Semi-milled or wholly milled rice, whether or not polished or glazed. -- Parboilizado. --- Pulido o glaseado.","(-) Semi/wholly milled parboiled rice. Parboilizado pulido or glaseado","Rice","2","","12"
"104","Argentina","10063019","","HS2007","Rice. - Semi-milled or wholly milled rice, whether or not polished or glazed. -- Parboilizado. --- Los demás.","(-) Semi/wholly milled parboiled rice. Parboilizado","Rice","2","","12"
"105","Argentina","10063021","","HS2007","Rice. - Semi-milled or wholly milled rice, whether or not polished or glazed. -- No parboilizado. --- Pulido o glaseado","(-) Semi/wholly milled rice. No parboilizado pulido o glaseado","Rice","2","","12"
"106","Argentina","10063029","","HS2007","Rice. - Semi-milled or wholly milled rice, whether or not polished or glazed. -- No parboilizado. --- Los demás","(-) Semi/wholly milled rice. No parboilizado","Rice","2","","12"
"107","Argentina","10064000","","HS2007","Rice. - Broken rice.","(-) Broken rice","Rice","2","","12"
"108","Argentina","11010010","","HS2007","Wheat or meslin flour. - De trigo.","Wheat or meslin flour. De trigo","Wheat","1","","12"
"109","Argentina","11010020","","HS2007","Wheat or meslin flour. - De morcajo (tranquillón).","Wheat or meslin flour. De morcajo (tranquillón)","Wheat","1","","12"
"110","Argentina","11022000","","HS2007","Cereal flours other than of wheat or meslin. - Maize (corn) flour.","(-) Maize (corn) flour","Maize","3","","12"
"111","Argentina","11029000","","HS2007","Cereal flours other than of wheat or meslin. - Other.","Cereal flours other than of wheat or meslin","Rice","2","","12"
"112","Argentina","11031100","","HS2007","Cereal groats, meal and pellets. - Groats and meal : -- Of wheat.","(-) Groats and meal of wheat","Wheat","1","","12"
"113","Argentina","11031300","","HS2007","Cereal groats, meal and pellets. - Groats and meal : -- Of maize (corn).","(-) Groats and meal of maize (corn)","Maize","3","","12"
"114","Argentina","11031900","","HS2007","Cereal groats, meal and pellets. - Groats and meal : -- Of other cereals.","(-) Groats and meal of other cereals","Rice","2","","12"
"116","Argentina","11042300","","HS2007","Cereal grains otherwise worked (for example, hulled, rolled, flaked, pearled, sliced or kibbled), except rice of heading 10.06; germ of cereals, whole, rolled, flaked or ground. - Other worked grains (for example, hulled, pearled, sliced or kibbled): -- O","(-) Other worked grains (e.g. hulled, pearled, sliced or kibbled) of maize (corn)","Maize","3","","12"
"118","Argentina","11043000","","HS2007","Cereal grains otherwise worked (for example, hulled, rolled, flaked, pearled, sliced or kibbled), except rice of heading 10.06; germ of cereals, whole, rolled, flaked or ground. - Germ of cereals, whole, rolled, flaked or ground.","(-) Germ of cereals, whole, rolled, flaked or ground","Maize + Rice + Wheat","11","","12"
"119","Argentina","11081100","","HS2007","Starches; inulin. - Starches : -- Wheat starch.","(-) Starches of wheat","Wheat","1","","12"
"120","Argentina","11081200","","HS2007","Starches; inulin. - Starches : -- Maize (corn) starch.","(-) Starches of maize (corn)","Maize","3","","12"
"121","Argentina","11081900","","HS2007","Starches; inulin. - Starches : -- Other starches.","(-) Other starches","Rice","2","","12"
"122","Argentina","11090000","","HS2007","Wheat gluten, whether or not dried.","Wheat gluten","Wheat","1","","12"
"123","Argentina","12010010","","HS2007","Soya beans, whether or not broken. - Para siembra.","Soya beans. Para siembra","Soybeans","4","","12"
"124","Argentina","12010090","","HS2007","Soya beans, whether or not broken. - Las demás.","Soya beans. Las demás","Soybeans","4","","12"
"126","Argentina","12081000","","HS2007","Flours and meals of oil seeds or oleaginous fruits, other than those of mustard. - Of soya beans.","Flours and meals of soya beans","Soybeans","4","","12"
"144","Argentina","15152100","","HS2007","Other fixed vegetable fats and oils (including jojoba oil) and their fractions, whether or not refined, but not chemically modified. - Maize (corn) oil and its fractions : -- Crude oil. --- No suministrada.","(-) Maize (corn) crude oil. No suministrada","Maize","3","","12"
"148","Argentina","15152910","","HS2007","Other fixed vegetable fats and oils (including jojoba oil) and their fractions, whether or not refined, but not chemically modified. - Maize (corn) oil and its fractions : -- Other. --- Refinado en envases con capacidad inferior o igual a 5 l.","(-) Maize (corn) oil and its fractions (-).  Refinado en envases con capacidad inferior o igual a 5 l","Maize","3","","12"
"149","Argentina","15152990","","HS2007","Other fixed vegetable fats and oils (including jojoba oil) and their fractions, whether or not refined, but not chemically modified. - Maize (corn) oil and its fractions : -- Other. --- Los demás","(-) Maize (corn) oil and its fractions (-). Los demás","Maize","3","","12"
"150","Argentina","19041000","","HS2007","Prepared foods obtained by the swelling or roasting of cereals or cereal products (for example, corn flakes); cereals (other than maize (corn)) in grain form or in the form of flakes or other worked grains (except flour, groats and meal), pre-cooked, or o","(-) Prepared foods obtained by the swelling or roasting of cereals or cereal products","Maize + Rice + Wheat","11","","12"
"152","Argentina","19043000","","HS2007","Prepared foods obtained by the swelling or roasting of cereals or cereal products (for example, corn flakes); cereals (other than maize (corn)) in grain form or in the form of flakes or other worked grains (except flour, groats and meal), pre-cooked, or o","Prepared foods obtained by the swelling or roasting of cereals; pre-cooked or otherwise prepared grains, flakes or other worked grains (except flour, groats and meal) of cereals. Bulgur wheat","Wheat","1","","12"
"158","Argentina","23020012","","HS2007","Brans, sharps and other residues of wheat","Bran, sharps and other residues derived from the sifting, milling or other working of wheat","Wheat","1","","12"
"164","Argentina","23040010","","HS2007","Oil-cake and other solid residues, whether or not ground or in the form of pellets, resulting from the extraction of soyabean oil. - Harina y «pellets».","Oil-cake and other solid residues resulting from the extraction of soybean oil","Soybeans","4","","12"
"165","Argentina","23040090","","HS2007","Oil-cake and other solid residues, whether or not ground or in the form of pellets, resulting from the extraction of soyabean oil. - Los demás.","Oil-cake and other solid residues resulting from the extraction of soybean oil","Soybeans","4","","12"
"169","Argentina","","","","Wheat","Wheat","Wheat","1","ARGR001","12"
"320","Brazil","","","","Coarse grains","Coarse grains","Maize + Rice","9","BRAX001","37"
"322","Brazil","","","","Preparations of cereals, flour of milk and pastrycook poducts","Preparations of cereals, flour of milk and pastrycook poducts","Maize + Rice + Wheat","11","BRAX015","37"
"323","Brazil","","","","Vegetable oils","Vegetable oils","Maize + Soybeans","10","BRAX002","37"
"489","Canada","","","","Coarse grains","Coarse grains","Maize + Rice + Wheat","11","CANX002","46"
"495","Canada","","","","Wheat and wheat flour","Wheat and wheat flour","Wheat","1","CANX001","46"
"497","China","10011000","","HS2007","Wheat and meslin. - Durum wheat.","(-) Durum wheat","Wheat","1","","53"
"500","China","10019010","","HS2007","Wheat and meslin. - Other. -- Seed.","Wheat and meslin (-) Seed","Wheat","1","","53"
"503","China","10019090","","HS2007","Wheat and meslin. - Other. -- Other.","Wheat and meslin (-)","Wheat","1","","53"
"507","China","10051000","","HS2007","Maize (corn). - Seed.","Maize (corn) seed","Maize","3","","53"
"510","China","10059000","","HS2007","Maize (corn). - Other.","Maize (corn)","Maize","3","","53"
"513","China","10061011","","HS2007","Rice. - Rice in the husk (paddy or rough). --- Seed. ---- Long grain.","(-) Long grain rice in the husk (paddy or rough) seed","Rice","2","","53"
"516","China","10061019","","HS2007","Rice. - Rice in the husk (paddy or rough). --- Seed. ---- Other.","(-) Rice in the husk (paddy or rough) seed","Rice","2","","53"
"519","China","10061091","","HS2007","Rice. - Rice in the husk (paddy or rough). --- Other. ---- Long grain.","(-) Long grain rice in the husk (paddy or rough)","Rice","2","","53"
"522","China","10061099","","HS2007","Rice. - Rice in the husk (paddy or rough). --- Other. ---- Other.","(-) Rice in the husk (paddy or rough) (-)","Rice","2","","53"
"525","China","10062010","","HS2007","Rice. - Husked (brown) rice. --- Long grain.","(-) Husked (brown) rice. Long grain","Rice","2","","53"
"528","China","10062090","","HS2007","Rice. - Husked (brown) rice. --- Other.","(-) Husked (brown) rice","Rice","2","","53"
"531","China","10063010","","HS2007","Rice. - Semi-milled or wholly milled rice, whether or not polished or glazed. --- Long grain.","(-) Semi/wholly milled long grain rice","Rice","2","","53"
"534","China","10063090","","HS2007","Rice. - Semi-milled or wholly milled rice, whether or not polished or glazed. --- Other.","(-) Semi/wholly milled rice","Rice","2","","53"
"537","China","10064010","","HS2007","Rice. - Broken rice. --- Long grain.","(-) Long grain broken rice","Rice","2","","53"
"540","China","10064090","","HS2007","Rice. - Broken rice. --- Other.","(-) Broken rice","Rice","2","","53"
"543","China","11010000","","HS2007","Wheat or meslin flour.","Wheat or meslin flour","Wheat","1","","53"
"546","China","11022000","","HS2007","Cereal flours other than of wheat or meslin. - Maize (corn) flour.","(-) Maize (corn) flour","Maize","3","","53"
"549","China","11029011","","HS2007","Cereal flours other than of wheat or meslin. - Other. - Other: -- Rice flour: --- Of long grain.","(-) Long grain rice flour","Rice","2","","53"
"552","China","11029019","","HS2007","Cereal flours other than of wheat or meslin. - Other. - Other: -- Rice flour: --- Other.","(-) Rice flour","Rice","2","","53"
"556","China","11031100","","HS2007","Cereal groats, meal and pellets. - Groats and meal : -- Of wheat.","(-) Groats and meal of wheat","Wheat","1","","53"
"559","China","11031300","","HS2007","Cereal groats, meal and pellets. - Groats and meal : -- Of maize (corn).","(-) Groats and meal of maize (corn)","Maize","3","","53"
"563","China","11031921","","HS2007","Cereal groats, meal and pellets. - Groats and meal : -- Of other cereals. --- Of rice: ---- Of long grain.","(-) Groats and meal of long grain rice","Rice","2","","53"
"566","China","11031929","","HS2007","Cereal groats, meal and pellets. - Groats and meal : -- Of other cereals. --- Of rice: ---- Other.","(-) Groats and meal of rice","Rice","2","","53"
"574","China","11041990","","HS2007","Cereal grains otherwise worked (for example, hulled, rolled, flaked, pearled, sliced or kibbled), except rice of heading 10.06; germ of cereals, whole, rolled, flaked or ground. - Rolled or flaked grains: -- Of other cereals. --- Other.","(-) Rolled or flaked grains of other cereals","Maize + Rice + Wheat","11","","53"
"576","China","11042300","","HS2007","Cereal grains otherwise worked (for example, hulled, rolled, flaked, pearled, sliced or kibbled), except rice of heading 10.06; germ of cereals, whole, rolled, flaked or ground. - Other worked grains (for example, hulled, pearled, sliced or kibbled): -- O","(-) Other worked grains (e.g. hulled, pearled, sliced or kibbled) of maize (corn)","Maize","3","","53"
"579","China","11042990","","HS2007","Cereal grains otherwise worked (for example, hulled, rolled, flaked, pearled, sliced or kibbled), except rice of heading 10.06; germ of cereals, whole, rolled, flaked or ground. - Other worked grains (for example, hulled, pearled, sliced or kibbled): -- O","(-) Other worked grains (e.g. hulled, pearled, sliced or kibbled) of other cereals","Rice + Wheat","12","","53"
"580","China","11043000","","HS2007","Cereal grains otherwise worked (for example, hulled, rolled, flaked, pearled, sliced or kibbled), except rice of heading 10.06; germ of cereals, whole, rolled, flaked or ground. - Germ of cereals, whole, rolled, flaked or ground.","(-) Germ of cereals, whole, rolled, flaked or ground","Maize + Rice + Wheat","11","","53"
"581","China","11081100","","HS2007","Starches; inulin. - Starches : -- Wheat starch.","(-) Starches of wheat","Wheat","1","","53"
"582","China","11081200","","HS2007","Starches; inulin. - Starches : -- Maize (corn) starch.","(-) Starches of maize (corn)","Maize","3","","53"
"584","China","11081900","","HS2007","Starches; inulin. - Starches : -- Other starches.","(-) Other starches","Rice","2","","53"
"585","China","11090000","","HS2007","Wheat gluten, whether or not dried.","Wheat gluten","Wheat","1","","53"
"586","China","12010010","","HS2007","Soya beans, whether or not broken. - Seed.","Soya beans seed","Soybeans","4","","53"
"587","China","12010091","","HS2007","Soya beans, whether or not broken. - Other: -- Yellow soya beans.","(-) Yellow soya beans","Soybeans","4","","53"
"588","China","12010092","","HS2007","Soya beans, whether or not broken. - Other: -- Black soya beans","(-) Black soya beans","Soybeans","4","","53"
"589","China","12010093","","HS2007","Soya beans, whether or not broken. - Other: -- Green soya beans","(-) Green soya beans","Soybeans","4","","53"
"590","China","12010099","","HS2007","Soya beans, whether or not broken. - Other: -- Other","Soya beans (-)","Soybeans","4","","53"
"591","China","12081000","","HS2007","Flours and meals of oil seeds or oleaginous fruits, other than those of mustard. - Of soya beans.","Flours and meals of soya beans","Soybeans","4","","53"
"592","China","15071000","","HS2007","Soya-bean oil and its fractions, whether or not refined, but not chemically modified. - Crude oil, whether or not degummed.","(-) Crude oil of soya-bean","Soybeans","4","","53"
"593","China","15079000","","HS2007","Soya-bean oil and its fractions, whether or not refined, but not chemically modified. - Other.","Soya-bean oil and its fractions","Soybeans","4","","53"
"594","China","15152100","","HS2007","Other fixed vegetable fats and oils (including jojoba oil) and their fractions, whether or not refined, but not chemically modified. - Maize (corn) oil and its fractions : -- Crude oil.","(-) Maize (corn) crude oil","Maize","3","","53"
"595","China","15152900","","HS2007","Other fixed vegetable fats and oils (including jojoba oil) and their fractions, whether or not refined, but not chemically modified. - Maize (corn) oil and its fractions : -- Other.","(-) Maize (corn) oil and its fractions","Maize","3","","53"
"596","China","19041000","","HS2007","Prepared foods obtained by the swelling or roasting of cereals or cereal products (for example, corn flakes); cereals (other than maize (corn)) in grain form or in the form of flakes or other worked grains (except flour, groats and meal), pre-cooked, or o","(-) Prepared foods obtained by the swelling or roasting of cereals or cereal products","Maize + Rice + Wheat","11","","53"
"597","China","19042000","","HS2007","Prepared foods obtained by the swelling or roasting of cereals or cereal products (for example, corn flakes); cereals (other than maize (corn)) in grain form or in the form of flakes or other worked grains (except flour, groats and meal), pre-cooked, or o","(-) Prepared foods obtained from unroasted cereal flakes (also from mixtures unroasted/roasted) or swelled cereals","Maize + Rice + Wheat","11","","53"
"598","China","19043000","","HS2007","Prepared foods obtained by the swelling or roasting of cereals or cereal products (for example, corn flakes); cereals (other than maize (corn)) in grain form or in the form of flakes or other worked grains (except flour, groats and meal), pre-cooked, or o","Prepared foods obtained by the swelling or roasting of cereals; pre-cooked or otherwise prepared grains, flakes or other worked grains (except flour, groats and meal) of cereals. Bulgur wheat","Wheat","1","","53"
"599","China","19049000","","HS2007","Prepared foods obtained by the swelling or roasting of cereals or cereal products (for example, corn flakes); cereals (other than maize (corn)) in grain form or in the form of flakes or other worked grains (except flour, groats and meal), pre-cooked, or o","Prepared foods obtained by the swelling or roasting of cereals; pre-cooked or otherwise prepared grains, flakes or other worked grains (except flour, groats and meal) of cereals","Maize + Rice + Wheat","11","","53"
"608","China","23040010","","HS2007","Oil-cake and other solid residues, whether or not ground or in the form of pellets, resulting from the extraction of soyabean oil. - Oil-cake.","Oil-cake and other solid residues resulting from the extraction of soybean oil","Soybeans","4","","53"
"609","China","23040090","","HS2007","Oil-cake and other solid residues, whether or not ground or in the form of pellets, resulting from the extraction of soyabean oil. - Other.","Oil-cake and other solid residues resulting from the extraction of soybean oil","Soybeans","4","","53"
"615","China","","","","Cereal flours other than of wheat or meslin, Rice flour; Cereal groats, meal and pellets. - Groats and meal : Of rice","Cereal flours other than of wheat or meslin, Rice flour; Cereal groats, meal and pellets. - Groats and meal : Of rice","Rice","2","CHNR002","53"
"623","China","","","","Wheat and Maize","Wheat and Maize","Maize + Wheat","8","CHNR001","53"
"943","European Union","","","","Coarse grains","Coarse grains","Maize + Rice + Wheat","11","EECX002","999000"
"954","European Union","","","","Rice","Rice","Rice","2","EECX003","999000"
"956","European Union","","","","Wheat and wheat flour","Wheat and wheat flour","Wheat","1","EECX001","999000"
"978","India","10051000","","HS2012","Maize (corn). - Seed.","Maize (corn) seed","Maize","3","","115"
"979","India","10059000","","HS2012","Maize (corn). - Other.","Maize (corn)","Maize","3","","115"
"980","India","10061010","","HS2012","Rice. - Rice in the husk (paddy or rough). -- Of seed quality.","(-) Rice in the husk (paddy or rough) of seed quality","Rice","2","","115"
"981","India","10061090","","HS2012","Rice. - Rice in the husk (paddy or rough). -- Other.","(-) Rice in the husk (paddy or rough)","Rice","2","","115"
"982","India","10062000","","HS2012","Rice. - Husked (brown) rice.","(-) Husked (brown) rice","Rice","2","","115"
"983","India","10063010","","HS2012","Rice. - Semi-milled or wholly milled rice, whether or not polished or glazed. -- Parboiled.","(-) Semi/wholly milled parboiled rice","Rice","2","","115"
"984","India","10063020","","HS2012","Rice. - Semi-milled or wholly milled rice, whether or not polished or glazed. -- Basmati.","(-) Semi/wholly milled Basmati rice","Rice","2","","115"
"985","India","10063090","","HS2012","Rice. - Semi-milled or wholly milled rice, whether or not polished or glazed. -- Other.","(-) Semi/wholly milled rice","Rice","2","","115"
"986","India","10064000","","HS2012","Rice. - Broken rice.","Rice. - Broken rice","Rice","2","","115"
"1005","India","15071000","","HS2012","Soya-bean oil and its fractions, whether or not refined, but not chemically modified. - Crude oil, whether or not degummed.","(-) Crude oil of soya-bean","Soybeans","4","","115"
"1006","India","15079010","","HS2012","Soya-bean oil and its fractions, whether or not refined, but not chemically modified. - Other. -- Edible grade.","Soya-bean oil and its fractions (-). Edible grade","Soybeans","4","","115"
"1007","India","15079090","","HS2012","Soya-bean oil and its fractions, whether or not refined, but not chemically modified. - Other. -- Other.","Soya-bean oil and its fractions (-)","Soybeans","4","","115"
"1008","India","15152100","","HS2012","Other fixed vegetable fats and oils (including jojoba oil) and their fractions, whether or not refined, but not chemically modified. - Maize (corn) oil and its fractions : -- Crude oil.","(-) Maize (corn) crude oil","Maize","3","","115"
"1009","India","15152910","","HS2012","Other fixed vegetable fats and oils (including jojoba oil) and their fractions, whether or not refined, but not chemically modified. - Maize (corn) oil and its fractions : -- Other. --- Edible grade.","(-) Maize (corn) oil and its fractions. Edible grade","Maize","3","","115"
"1010","India","15152990","","HS2012","Other fixed vegetable fats and oils (including jojoba oil) and their fractions, whether or not refined, but not chemically modified. - Maize (corn) oil and its fractions : -- Other. --- Other.","(-) Maize (corn) oil and its fractions (-)","Maize","3","","115"
"1034","India","","","","Edible oils","Edible oils","Maize + Soybeans","10","INDR004","115"
"1037","India","","","","Non-basmati rice, excluding seed quality rice","Non-basmati rice, excluding seed quality rice","Rice","2","INDR003","115"
"1038","India","","","","Non-basmati rice","Non-basmati rice","Rice","2","INDR002","115"
"1039","India","","","","Wheat","Wheat","Wheat","1","INDR001","115"
"1048","Indonesia","1006100000","","HS2007","Rice. - Rice in the husk (paddy or rough).","(-) Rice in the husk (paddy or rough)","Rice","2","","116"
"1053","Indonesia","1006301900","","HS2007","Rice. - Semi-milled or wholly milled rice, whether or not polished or glazed. -- Fragrant rice : --- Other","(-) Semi/wholly milled fragrant rice","Rice","2","","116"
"1055","Indonesia","1006303000","","HS2007","Rice. - Semi-milled or wholly milled rice, whether or not polished or glazed. -- Glutinous rice (pulot).","(-) Semi/wholly milled glutinous rice","Rice","2","","116"
"1056","Indonesia","1006309000","","HS2007","Rice. - Semi-milled or wholly milled rice, whether or not polished or glazed. -- Other.","(-) Semi/wholly milled rice","Rice","2","","116"
"1105","Indonesia","","","","Rice","Rice","Rice","2","IDNX001","116"
"1262","Mexico","","","","Maize","Maize","Maize","3","MEXX001","162"
"1265","Mexico","","","","Wheat","Wheat","Wheat","1","MEXX003","162"
"1726","South Africa","","","","Maize and maize products","Maize and maize products","Maize","3","ZAFX025","227"
"1729","South Africa","","","","Oilseeds","Oilseeds","Soybeans","4","ZAFX027","227"
"1731","South Africa","","","","Vegetable oils","Vegetable oils","Soybeans","4","ZAFX031","227"
"1732","South Africa","","","","Wheat and wheat products","Wheat and wheat products","Wheat","1","ZAFX022","227"
"1948","Turkey","","","","Maize","Maize","Maize","3","TURX025","249"
"1949","Turkey","","","","Maize oil (Refined)","Maize oil (Refined)","Maize","3","TURX032","249"
"1950","Turkey","","","","Semolina","Semolina","Wheat","1","TURX027","249"
"1951","Turkey","","","","Wheat","Wheat","Wheat","1","TURX023","249"
"1952","Turkey","","","","Wheat flour","Wheat flour","Wheat","1","TURX026","249"
"2066","Ukraine","","","","Durum wheat (except for sowing); other wheat and meslin (except for sowing)","Durum wheat (except for sowing); other wheat and meslin (except for sowing)","Wheat","1","UKRR002","254"
"2068","Ukraine","","","","Maize","Maize","Maize","3","UKRR001","254"
"2166","United States of America","","","","Rice","Rice","Rice","2","USAX003","259"
"2167","United States of America","","","","Vegetable oils","Vegetable oils","Soybeans","4","USAX004","259"
"2168","United States of America","","","","Wheat","Wheat","Wheat","1","USAX001","259"
"2253","China","1001100001","","HS2007","Wheat and meslin. - Durum wheat.","(-) Durum wheat","Wheat","1","","53"
"2255","China","1001100090","","HS2007","Wheat and meslin. - Durum wheat.","(-) Durum wheat","Wheat","1","","53"
"2256","India","10011010","","HS2007","Durum wheat","(-) Durum wheat","Wheat","1","","115"
"2257","India","10011090","","HS2007","Durum wheat","(-) Durum wheat","Wheat","1","","115"
"2258","China","1001110001","","HS2012","Wheat and meslin. - Durum wheat : -- Seed(in-quota).","(-) Durum wheat seed","Wheat","1","","53"
"2259","China","1001110090","","HS2012","Wheat and meslin. - Durum wheat : -- Seed(out-quota).","(-) Durum wheat seed","Wheat","1","","53"
"2260","China","1001190001","","HS2012","Wheat and meslin. - Durum wheat : -- Other(in-quota).","(-) Durum wheat","Wheat","1","","53"
"2261","China","1001190090","","HS2012","Wheat and meslin. - Durum wheat : -- Other(out-quota).","(-) Durum wheat","Wheat","1","","53"
"2262","India","10019010","","HS2007","Spelt, common wheat and meslin","Wheat and meslin (-)","Wheat","1","","115"
"2263","China","1001901001","","HS2007","Wheat and meslin. - Other. -- Seed.","(-) Durum wheat seed","Wheat","1","","53"
"2264","China","1001901090","","HS2007","Wheat and meslin. - Other. -- Seed.","(-) Durum wheat seed","Wheat","1","","53"
"2265","India","10019020","","HS2007","Spelt, common wheat and meslin","Wheat and meslin (-)","Wheat","1","","115"
"2266","India","10019031","","HS2007","Spelt, common wheat and meslin","Wheat and meslin (-)","Wheat","1","","115"
"2267","India","10019039","","HS2007","Spelt, common wheat and meslin","Wheat and meslin (-)","Wheat","1","","115"
"2268","China","1001909001","","HS2007","Wheat and meslin. - Other. -- Other.","Wheat and meslin (-)","Wheat","1","","53"
"2269","China","1001909090","","HS2007","Wheat and meslin, other","Wheat and meslin (-)","Wheat","1","","53"
"2270","China","1001910001","","HS2012","Wheat and meslin. - Other : -- Seed(in-quota).","Wheat and meslin (-) Seed","Wheat","1","","53"
"2271","China","1001910090","","HS2012","Wheat and meslin. - Other : -- Seed(out-quota).","Wheat and meslin (-) Seed","Wheat","1","","53"
"2272","China","1001990001","","HS2012","Wheat and meslin. - Other : -- Other(in-quota).","Wheat and meslin (-)","Wheat","1","","53"
"2273","China","1001990090","","HS2012","Wheat and meslin. - Other : -- Other(out-quota).","Wheat and meslin (-)","Wheat","1","","53"
"2274","China","10051000","","HS2012","Maize (corn). - Seed.","Maize (corn) seed","Maize","3","","53"
"2275","China","1005100001","","HS2007","Maize (corn). - Seed.","Maize (corn) seed","Maize","3","","53"
"2276","China","1005100090","","HS2007","Maize (corn). - Seed.","Maize (corn) seed","Maize","3","","53"
"2277","Argentina","10059000","","HS2007","Maize (excl. seed)","Maize (corn) (excl. seed)","Maize","3","","12"
"2278","China","10059000","","HS2012","Maize (corn). - Other.","Maize (corn)","Maize","3","","53"
"2279","China","1005900001","","HS2007","Maize (corn). - Other.","Maize (corn)","Maize","3","","53"
"2280","China","1005900090","","HS2007","Maize (corn). - Other.","Maize (corn)","Maize","3","","53"
"2281","","1006","","HS2007","Rice","Rice","Rice","2","",""
"2284","China","10061011","","HS2012","Rice. - Rice in the husk (paddy or rough). --- Seed. ---- Long grain.","(-) Long grain rice in the husk (paddy or rough) seed","Rice","2","","53"
"2285","China","1006101101","","HS2007","Rice. - Rice in the husk (paddy or rough). --- Seed. ---- Long grain.","(-) Rice in the husk (paddy or rough). Shien rice seed","Rice","2","","53"
"2286","China","1006101190","","HS2007","Rice. - Rice in the husk (paddy or rough). --- Seed. ---- Long grain.","(-) Rice in the husk (paddy or rough). Shien rice seed","Rice","2","","53"
"2287","China","1006101901","","HS2007","Rice. - Rice in the husk (paddy or rough). --- Seed. ---- Other.","(-) Rice in the husk (paddy or rough). Seed","Rice","2","","53"
"2288","China","1006101990","","HS2007","Rice. - Rice in the husk (paddy or rough). --- Seed. ---- Other.","(-) Rice in the husk (paddy or rough). Seed","Rice","2","","53"
"2289","China","1006109101","","HS2007","Rice. - Rice in the husk (paddy or rough). --- Other. ---- Long grain.","(-) Rice in the husk (paddy or rough). Shien rice (long grain, non-glutinous rice)","Rice","2","","53"
"2290","China","1006109190","","HS2007","Rice. - Rice in the husk (paddy or rough). --- Other. ---- Long grain.","(-) Rice in the husk (paddy or rough). Shien rice (long grain, non-glutinous rice)","Rice","2","","53"
"2291","China","10061099","","HS2012","Rice. - Rice in the husk (paddy or rough). --- Other. ---- Other.","(-) Rice in the husk (paddy or rough) (-)","Rice","2","","53"
"2292","China","1006109901","","HS2007","Rice. - Rice in the husk (paddy or rough). --- Other. ---- Other.","(-) Rice in the husk (paddy or rough)","Rice","2","","53"
"2293","China","1006109990","","HS2007","Rice. - Rice in the husk (paddy or rough). --- Other. ---- Other.","(-) Rice in the husk (paddy or rough)","Rice","2","","53"
"2294","China","10062010","","HS2012","Rice. - Husked (brown) rice. --- Long grain.","(-) Husked (brown) rice. Long grain","Rice","2","","53"
"2295","China","1006201001","","HS2007","Rice. - Husked (brown) rice. --- Long grain.","(-) Husked (brown) rice. Shien rice (long grain, non-glutinous rice)","Rice","2","","53"
"2296","China","1006201090","","HS2007","Rice. - Husked (brown) rice. --- Long grain.","(-) Husked (brown) rice. Shien rice (long grain, non-glutinous rice)","Rice","2","","53"
"2297","China","10062090","","HS2012","Rice. - Husked (brown) rice. --- Other.","(-) Husked (brown) rice","Rice","2","","53"
"2298","China","1006209001","","HS2007","Rice. - Husked (brown) rice. --- Other.","(-) Husked (brown) rice","Rice","2","","53"
"2299","China","1006209090","","HS2007","Rice. - Husked (brown) rice. --- Other.","(-) Husked (brown) rice","Rice","2","","53"
"2300","China","10063010","","HS2012","Rice. - Semi-milled or wholly milled rice, whether or not polished or glazed. --- Long grain.","(-) Semi/wholly milled long grain rice","Rice","2","","53"
"2301","China","1006301001","","HS2007","Rice. - Semi-milled or wholly milled rice, whether or not polished or glazed.","(-) Semi/wholly milled Shien rice (long grain, non-glutinous rice)","Rice","2","","53"
"2302","China","1006301090","","HS2007","Rice. - Semi-milled or wholly milled rice, whether or not polished or glazed. --- Long grain.","(-) Semi/wholly milled Shien rice (long grain, non-glutinous rice)","Rice","2","","53"
"2303","China","10063090","","HS2012","Rice. - Semi-milled or wholly milled rice, whether or not polished or glazed. --- Other.","(-) Semi/wholly milled rice","Rice","2","","53"
"2304","China","1006309001","","HS2007","Rice. - Semi-milled or wholly milled rice, whether or not polished or glazed. --- Other.","(-) Semi/wholly milled Shien rice (long grain, non-glutinous rice)","Rice","2","","53"
"2305","China","1006309090","","HS2007","Rice. - Semi-milled or wholly milled rice, whether or not polished or glazed. --- Other.","(-) Semi/wholly milled Shien rice (long grain, non-glutinous rice)","Rice","2","","53"
"2306","China","10064010","","HS2012","Rice. - Broken rice. --- Long grain.","(-) Long grain broken rice","Rice","2","","53"
"2307","China","1006401001","","HS2007","Rice. - Broken rice. --- Long grain.","(-) Broken Shien (long grain, non-glutinous rice) rice","Rice","2","","53"
"2308","China","1006401090","","HS2007","Rice. - Broken rice. --- Long grain.","(-) Broken Shien (long grain, non-glutinous rice) rice","Rice","2","","53"
"2309","China","10064090","","HS2012","Rice. - Broken rice. --- Other.","(-) Broken rice","Rice","2","","53"
"2310","China","1006409001","","HS2007","Rice. - Broken rice. --- Other.","(-) Broken Shien (long grain, non-glutinous rice) rice","Rice","2","","53"
"2311","China","1006409090","","HS2007","Rice. - Broken rice. --- Other.","(-) Broken Shien (long grain, non-glutinous rice) rice","Rice","2","","53"
"2312","China","11010000","","HS2012","Wheat or meslin flour.","Wheat or meslin flour","Wheat","1","","53"
"2313","China","1101000001","","HS2007","Wheat or meslin flour.","Wheat or meslin flour","Wheat","1","","53"
"2314","China","1101000090","","HS2007","Wheat or meslin flour.","Wheat or meslin flour","Wheat","1","","53"
"2315","China","11022000","","HS2012","Cereal flours other than of wheat or meslin. - Maize (corn) flour.","(-) Maize (corn) flour","Maize","3","","53"
"2316","China","1102200001","","HS2007","Cereal flours other than of wheat or meslin. - Maize (corn) flour.","Maize (corn) flour","Maize","3","","53"
"2317","China","1102200090","","HS2007","Cereal flours other than of wheat or meslin. - Maize (corn) flour.","Maize (corn) flour","Maize","3","","53"
"2318","China","11029011","","HS2012","Cereal flours other than of wheat or meslin. - Other. - Other: -- Rice flour: --- Of long grain.","(-) Long grain rice flour","Rice","2","","53"
"2320","China","1102901101","","HS2007","Shien rice (long grain non-glutinous rice flour)","(-) Shien rice (long grain, non-glutinous rice) flour","Rice","2","","53"
"2322","China","1102901190","","HS2007","Shien rice (long grain non-glutinous rice flour)","(-) Shien rice (long grain, non-glutinous rice) flour","Rice","2","","53"
"2323","China","11029019","","HS2012","Cereal flours other than of wheat or meslin. - Other. - Other: -- Rice flour: --- Other.","(-) Rice flour","Rice","2","","53"
"2325","China","1102901901","","HS2007","Shien rice (long grain non-glutinous rice flour)","(-) Shien rice (long grain, non-glutinous rice) flour","Rice","2","","53"
"2327","China","1102901990","","HS2007","Shien rice (long grain non-glutinous rice flour)","(-) Shien rice (long grain, non-glutinous rice) flour","Rice","2","","53"
"2328","China","11029090","","HS2007","Cereal flours","(-) Other cereal flour","Rice","2","","53"
"2329","China","11031100","","HS2012","Cereal groats, meal and pellets. - Groats and meal : -- Of wheat.","(-) Groats and meal of wheat","Wheat","1","","53"
"2330","China","1103110001","","HS2007","Wheat groats and meal","(-) Groats and meal of wheat","Wheat","1","","53"
"2331","China","1103110090","","HS2007","Wheat groats and meal","(-) Groats and meal of wheat","Wheat","1","","53"
"2332","China","11031300","","HS2012","Cereal groats, meal and pellets. - Groats and meal : -- Of maize (corn).","(-) Groats and meal of maize (corn)","Maize","3","","53"
"2333","China","1103130001","","HS2007","Maize (corn) groats and meal","(-) Groats and meal of maize (corn)","Maize","3","","53"
"2334","China","1103130090","","HS2007","Maize (corn) groats and meal","(-) Groats and meal of maize (corn)","Maize","3","","53"
"2335","China","11031910","","HS2007","Shien rice (long grain non-glutinous rice) groats and meal","(-) Groats and meal of Shien rice (long grain, non-glutinous rice)","Rice","2","","53"
"2336","China","11031910","","HS2012","Shien rice (long grain non-glutinous rice) groats and meal","(-) Groats and meal of Shien rice (long grain, non-glutinous rice)","Rice","2","","53"
"2337","China","11031921","","HS2012","Cereal groats, meal and pellets. - Groats and meal : -- Of other cereals. --- Of rice: ---- Of long grain.","(-) Groats and meal of long grain rice","Rice","2","","53"
"2338","China","1103192101","","HS2007","Shien rice (long grain non-glutinous rice) groats and meal","(-) Groats and meal of Shien rice (long grain, non-glutinous rice)","Rice","2","","53"
"2339","China","1103192190","","HS2007","Shien rice (long grain non-glutinous rice) groats and meal","(-) Groats and meal of Shien rice (long grain, non-glutinous rice)","Rice","2","","53"
"2340","China","11031929","","HS2012","Cereal groats, meal and pellets. - Groats and meal : -- Of other cereals. --- Of rice: ---- Other.","(-) Groats and meal of rice","Rice","2","","53"
"2341","China","1103192901","","HS2007","Shien rice (long grain non-glutinous rice) groats and meal","(-) Groats and meal of Shien rice (long grain, non-glutinous rice)","Rice","2","","53"
"2342","China","1103192990","","HS2007","Shien rice (long grain non-glutinous rice) groats and meal","(-) Groats and meal of Shien rice (long grain, non-glutinous rice)","Rice","2","","53"
"2343","China","11031990","","HS2007","Shien rice (long grain non-glutinous rice) groats and meal","(-) Groats and meal of Shien rice (long grain, non-glutinous rice)","Rice","2","","53"
"2344","China","11041910","","HS2007","Rolled or flaked maize","(-) Rolled or flaked grains of maize (corn)","Maize","3","","53"
"2345","China","1104199010","","HS2007","Rolled or flaked maize","(-) Rolled or flaked grains of maize (corn)","Maize","3","","53"
"2346","China","11042300","","HS2012","Cereal grains otherwise worked (for example, hulled, rolled, flaked, pearled, sliced or kibbled), except rice of heading 10.06; germ of cereals, whole, rolled, flaked or ground. - Other worked grains (for example, hulled, pearled, sliced or kibbled): -- O","(-) Other worked grains (e.g. hulled, pearled, sliced or kibbled) of maize (corn)","Maize","3","","53"
"2347","China","1104230001","","HS2007","Maize (corn) otherwise worked","(-) Other worked grains (e.g. hulled, pearled, sliced or kibbled) of maize (corn)","Maize","3","","53"
"2348","China","1104230090","","HS2007","Maize (corn) otherwise worked","(-) Other worked grains (e.g. hulled, pearled, sliced or kibbled) of maize (corn)","Maize","3","","53"
"2349","China","11081200","","HS2012","Starches; inulin. - Starches : -- Maize (corn) starch.","(-) Starches of maize (corn)","Maize","3","","53"
"2350","China","1108120000","","HS2007","Starches; inulin. - Starches : -- Maize (corn) starch.","(-) Starches of maize (corn)","Maize","3","","53"
"2351","China","11081200001","","HS2007","Starches; inulin. - Starches : -- Maize (corn) starch.","(-) Starches of maize (corn)","Maize","3","","53"
"2352","China","11081200002","","HS2007","Starches; inulin. - Starches : -- Maize (corn) starch.","(-) Starches of maize (corn)","Maize","3","","53"
"2353","Argentina","12010401","","HS2007","Soya beans","Soya beans","Soybeans","4","","12"
"2354","Argentina","15070100","","HS2007","Crude soya-bean oil","(-) Crude oil of soya-bean","Soybeans","4","","12"
"2356","Argentina","15071000","","HS2007","Soya-bean oil and its fractions, whether or not refined, but not chemically modified. - Crude oil, whether or not degummed. -- No suministrada.","(-) Crude oil of soya-bean. No suministrada","Soybeans","4","","12"
"2357","Argentina","15071201","","HS2007","Crude maize (corn) oil","(-) Crude maize oil","Maize","3","","12"
"2358","Argentina","15079000","","HS2012","Soya-bean oil and its fractions, whether or not refined, but not chemically modified","(-) Other","Soybeans","4","","12"
"2359","Argentina","15079011","","HS2007","Soya-bean oil and its fractions, whether or not refined, but not chemically modified. - Other. -- Refinado. --- En envases con capacidad inferior o igual a 5 l.","Soya-bean oil and its fractions (-). Refinado, en envases con capacidad inferior o igual a 5 l","Soybeans","4","","12"
"2360","Argentina","15079019","","HS2007","Soya-bean oil and its fractions, whether or not refined, but not chemically modified. - Other. -- Other. --- Los demás.","Soya-bean oil and its fractions (-). Los demás","Soybeans","4","","12"
"2361","Argentina","15079090","","HS2007","Soya-bean oil and its fractions, whether or not refined, but not chemically modified. - Other. -- Other. --- Los demás.","Soya-bean oil and its fractions (-). Los demás","Soybeans","4","","12"
"2362","Argentina","19053100","","HS2007","Prepared foods obtained by the swelling or roasting of cereals or cereal products (for example, corn flakes); cereals (other than maize (corn)) in grain form or in the form of flakes or other worked grains (except flour, groats and meal), pre-cooked, or o","Pre-cooked or otherwise prepared grains, flakes or other worked grains - Bulgur wheat. - Galletitas dulces (elaboradas exclusivamente con harina de Trigo)","Wheat","1","","12"
"2363","Argentina","19059020","","HS2007","Prepared foods obtained by the swelling or roasting of cereals or cereal products (for example, corn flakes); cereals (other than maize (corn)) in grain form or in the form of flakes or other worked grains (except flour, groats and meal), pre-cooked, or o","Pre-cooked or otherwise prepared grains, flakes or other worked grains - Galletitas (elaboradas exclusivamente con harina de Trigo)","Wheat","1","","12"
"2364","Argentina","19059090","","HS2007","Prepared foods obtained by the swelling or roasting of cereals or cereal products (for example, corn flakes); cereals (other than maize (corn)) in grain form or in the form of flakes or other worked grains (except flour, groats and meal), pre-cooked, or o","Pre-cooked or otherwise prepared grains, flakes or other worked grains. Other","Wheat","1","","12"
"2365","Argentina","23020013","","HS2007","Brans, sharps and other residues of other cereals","Bran, sharps and other residues derived from the sifting, milling or other working of other cereals","Maize + Wheat","8","","12"
"2406","","1001","","HS2012","Wheat and meslin","Wheat and meslin","Wheat","1","",""
"2445","","100640","","HS2007","Rice. - Broken rice.","Broken rice","Rice","2","",""
